id,category,Brit,NAme,US,Can,Austral,NZ,Scot,Irish,Ind,EAfr,WAfr,SAfr,NAfr,NEng,EAsi,WAsi,SAsi,NAsi,source,note
1,phrase,chase up,,track down,,,,,,,,,,,,,,,,https://intrepidenglish.co.uk/podcasts/handy-phrasal-verbs-in-the-us-or-uk/,
2,phrase,chases up,,tracks down,,,,,,,,,,,,,,,,https://intrepidenglish.co.uk/podcasts/handy-phrasal-verbs-in-the-us-or-uk/,
3,phrase,chasing up,,tracking down,,,,,,,,,,,,,,,,https://intrepidenglish.co.uk/podcasts/handy-phrasal-verbs-in-the-us-or-uk/,
4,phrase,chased up,,tracked down,,,,,,,,,,,,,,,,https://intrepidenglish.co.uk/podcasts/handy-phrasal-verbs-in-the-us-or-uk/,
5,phrase,,,scare up,,,,,,,,,,,,,,,,https://intrepidenglish.co.uk/podcasts/handy-phrasal-verbs-in-the-us-or-uk/,
6,phrase,,,scares up,,,,,,,,,,,,,,,,https://intrepidenglish.co.uk/podcasts/handy-phrasal-verbs-in-the-us-or-uk/,
7,phrase,,,scaring up,,,,,,,,,,,,,,,,https://intrepidenglish.co.uk/podcasts/handy-phrasal-verbs-in-the-us-or-uk/,
8,phrase,,,scared up,,,,,,,,,,,,,,,,https://intrepidenglish.co.uk/podcasts/handy-phrasal-verbs-in-the-us-or-uk/,
9,phrase,get on,,get along,,,,,,,,,,,,,,,,https://intrepidenglish.co.uk/podcasts/handy-phrasal-verbs-in-the-us-or-uk/,
10,phrase,gets on,,gets along,,,,,,,,,,,,,,,,https://intrepidenglish.co.uk/podcasts/handy-phrasal-verbs-in-the-us-or-uk/,
11,phrase,getting on,,getting along,,,,,,,,,,,,,,,,https://intrepidenglish.co.uk/podcasts/handy-phrasal-verbs-in-the-us-or-uk/,
12,phrase,got on,,got along,,,,,,,,,,,,,,,,https://intrepidenglish.co.uk/podcasts/handy-phrasal-verbs-in-the-us-or-uk/,
13,phrase,,,gotten along,,,,,,,,,,,,,,,,https://intrepidenglish.co.uk/podcasts/handy-phrasal-verbs-in-the-us-or-uk/,
14,phrase,tell off,,bawl out,,,,,,,,,,,,,,,,https://blog.cambridge.es/media-gallery/4351/,
15,phrase,tells off,,bawls out,,,,,,,,,,,,,,,,https://blog.cambridge.es/media-gallery/4351/,
16,phrase,telling off,,bawling out,,,,,,,,,,,,,,,,https://blog.cambridge.es/media-gallery/4351/,
17,phrase,told off,,bawled out,,,,,,,,,,,,,,,,https://blog.cambridge.es/media-gallery/4351/,
18,phrase,work out,,figure out,,,,,,,,,,,,,,,,https://blog.cambridge.es/media-gallery/4351/,
19,phrase,works out,,figures out,,,,,,,,,,,,,,,,https://blog.cambridge.es/media-gallery/4351/,
20,phrase,worked out,,figured out,,,,,,,,,,,,,,,,https://blog.cambridge.es/media-gallery/4351/,
21,phrase,working out,,figuring out,,,,,,,,,,,,,,,,https://blog.cambridge.es/media-gallery/4351/,
22,phrase,mess about,,goof off,,,,,,,,,,,,,,,,https://blog.cambridge.es/media-gallery/4351/,
23,phrase,messes about,,goofs off,,,,,,,,,,,,,,,,https://blog.cambridge.es/media-gallery/4351/,
24,phrase,messed about,,goofed off,,,,,,,,,,,,,,,,https://blog.cambridge.es/media-gallery/4351/,
25,phrase,messing about,,goofing off,,,,,,,,,,,,,,,,https://blog.cambridge.es/media-gallery/4351/,
26,phrase,mess around,,goof around,,,,,,,,,,,,,,,,https://blog.cambridge.es/media-gallery/4351/,
27,phrase,messes around,,goofs around,,,,,,,,,,,,,,,,https://blog.cambridge.es/media-gallery/4351/,
28,phrase,messing around,,goofing around,,,,,,,,,,,,,,,,https://blog.cambridge.es/media-gallery/4351/,
29,phrase,messed around,,goofed around,,,,,,,,,,,,,,,,https://blog.cambridge.es/media-gallery/4351/,
30,phrase,freshen up,,wash up,,,,,,,,,,,,,,,,https://blog.cambridge.es/media-gallery/4351/,
31,phrase,freshens up,,washes up,,,,,,,,,,,,,,,,https://blog.cambridge.es/media-gallery/4351/,
32,phrase,freshening up,,washing up,,,,,,,,,,,,,,,,https://blog.cambridge.es/media-gallery/4351/,
33,phrase,freshened up,,washed up,,,,,,,,,,,,,,,,https://blog.cambridge.es/media-gallery/4351/,
34,phrase,,,french fries,,,,,,,,,,,,,,,,http://www.teacherdiane.com/blog/american-vs-british-english,
35,phrase,,,potato chips,,,,,,,,,,,,,,,,http://www.teacherdiane.com/blog/american-vs-british-english,
36,phrase,,movie theater,,,,,,,,,,,,,,,,,Oxford Advanced  Learner's Dictionary 8th Edition,
37,phrase,,movie theaters,,,,,,,,,,,,,,,,,Oxford Advanced  Learner's Dictionary 8th Edition,
38,phrase,,dressing gown,,,,,,,,,,,,,,,,,Oxford Advanced  Learner's Dictionary 8th Edition,
39,phrase,,dressing gowns,,,,,,,,,,,,,,,,,Oxford Advanced  Learner's Dictionary 8th Edition,
40,phrase,shopping cart,,,,,,,,,,,,,,,,,,https://preply.com/en/blog/british-english-vs-american-english-slang-compared/,
41,phrase,shopping carts,,,,,,,,,,,,,,,,,,https://preply.com/en/blog/british-english-vs-american-english-slang-compared/,
42,phrase,,light into,,,,,,,,,,,,,,,,,Oxford Dictionary of English Second Edition Revised,
43,phrase,,lights into,,,,,,,,,,,,,,,,,Oxford Dictionary of English Second Edition Revised,
44,phrase,,lighting into,,,,,,,,,,,,,,,,,Oxford Dictionary of English Second Edition Revised,
45,phrase,,lit into,,,,,,,,,,,,,,,,,Oxford Dictionary of English Second Edition Revised,
46,phrase,,light out,,,,,,,,,,,,,,,,,Oxford Dictionary of English Second Edition Revised,
47,phrase,,lights out,,,,,,,,,,,,,,,,,Oxford Dictionary of English Second Edition Revised,
48,phrase,,lighting out,,,,,,,,,,,,,,,,,Oxford Dictionary of English Second Edition Revised,
49,phrase,,lit out,,,,,,,,,,,,,,,,,Oxford Dictionary of English Second Edition Revised,
50,phrase,have got to,,,,,,,,,,,,,,,,,,https://dictionary.cambridge.org/us/grammar/british-grammar/british-and-american-english#google_vignette,
51,phrase,has got to,,,,,,,,,,,,,,,,,,https://dictionary.cambridge.org/us/grammar/british-grammar/british-and-american-english#google_vignette,
52,phrase,having got to,,,,,,,,,,,,,,,,,,https://dictionary.cambridge.org/us/grammar/british-grammar/british-and-american-english#google_vignette,
53,phrase,had got to,,,,,,,,,,,,,,,,,,https://dictionary.cambridge.org/us/grammar/british-grammar/british-and-american-english#google_vignette,
54,phrase,I shall,,,,,,,,,,,,,,,,,,https://dictionary.cambridge.org/us/grammar/british-grammar/british-and-american-english#google_vignette,
55,phrase,we shall,,,,,,,,,,,,,,,,,,https://dictionary.cambridge.org/us/grammar/british-grammar/british-and-american-english#google_vignette,
56,phrase,be well,,,,,,,,,,,,,,,,,,https://dictionary.cambridge.org/us/grammar/british-grammar/british-and-american-english#google_vignette,
57,root,,,trolley,,,,,,,,,,,,,,,,https://preply.com/en/blog/british-english-vs-american-english-slang-compared/,
58,root,,forevermore,,,,,,,,,,,,,,,,,Oxford Dictionary of English Second Edition Revised,
59,inflection,trousers,,pants,,,,,,,,,,,,,,,,https://www.britishcouncilfoundation.id/en/english/articles/british-and-american-english,
60,root,,,eraser,,,,,,,,,,,,,,,,http://www.teacherdiane.com/blog/american-vs-british-english,
61,root,autumn,,,,,,,,,,,,,,,,,,http://www.teacherdiane.com/blog/american-vs-british-english,
62,inflection,chips,,,,,,,,,,,,,,,,,,http://www.teacherdiane.com/blog/american-vs-british-english,
63,inflection,maths,,math,,,,,,,,,,,,,,,,http://www.teacherdiane.com/blog/american-vs-british-english,
64,inflection,crisps,,,,,,,,,,,,,,,,,,http://www.teacherdiane.com/blog/american-vs-british-english,
65,inflection,trainers,,sneakers,,,,,,,,,,,,,,,,http://www.teacherdiane.com/blog/american-vs-british-english,
66,inflection,thongs,flip-flops,,,,,,,,,,,,,,,,,Oxford Advanced  Learner's Dictionary 8th Edition,
67,root,bloke,,dude,,,,,,,,,,,,,,,,https://preply.com/en/blog/british-english-vs-american-english-slang-compared/,
68,root,motorway,,highway,,,,,,,,,,,,,,,,http://www.teacherdiane.com/blog/american-vs-british-english,
69,root,pyjama,pajama,,,,,,,,,,,,,,,,,Oxford Advanced  Learner's Dictionary 8th Edition,
70,root,pub,,,,,,,,,,,,,,,,,,https://preply.com/en/blog/british-english-vs-american-english-slang-compared/,
71,root,pudding,dessert,,,,,,,,,,,,,,,,,Oxford Advanced  Learner's Dictionary 8th Edition,
72,root,porridge,oatmeal,,,,,,,,,,,,,,,,,Oxford Advanced  Learner's Dictionary 8th Edition,
73,inflection,knickers,,panties,,,,,,,,,,,,,,,,https://preply.com/en/blog/british-english-vs-american-english-slang-compared/,
74,root,postbox,,mailbox,,,,,,,,,,,,,,,,https://www.britishcouncilfoundation.id/en/english/articles/british-and-american-english,
75,root,jeweller,,jeweler,,,,,,,,,,,,,,,,https://www.britishcouncilfoundation.id/en/english/articles/british-and-american-english,
76,root,marvellous,,marvelous,,,,,,,,,,,,,,,,https://www.britishcouncilfoundation.id/en/english/articles/british-and-american-english,
77,root,appitiser,,appitizer,,,,,,,,,,,,,,,,https://www.britishcouncilfoundation.id/en/english/articles/british-and-american-english,
78,root,enrol,,enroll,,,,,,,,,,,,,,,,https://www.britishcouncilfoundation.id/en/english/articles/british-and-american-english,
79,root,skilful,,skillfull,,,,,,,,,,,,,,,,https://www.britishcouncilfoundation.id/en/english/articles/british-and-american-english,
80,root,mould,,mold,,,,,,,,,,,,,,,,https://www.britishcouncilfoundation.id/en/english/articles/british-and-american-english,
81,root,woollen,woolen,,,,,,,,,,,,,,,,,Oxford Advanced  Learner's Dictionary 8th Edition,
82,root,pupillage,pupilage,,,,,,,,,,,,,,,,,Oxford Advanced  Learner's Dictionary 8th Edition,
83,root,cancellation,cancelation,,,,,,,,,,,,,,,,,Oxford Advanced  Learner's Dictionary 8th Edition,
84,root,jewellery,jewelery,,,,,,,,,,,,,,,,,Oxford Advanced  Learner's Dictionary 8th Edition,
85,root,enrolment,enrollment,,,,,,,,,,,,,,,,,Oxford Advanced  Learner's Dictionary 8th Edition,
86,root,instalment,installment,,,,,,,,,,,,,,,,,Oxford Advanced  Learner's Dictionary 8th Edition,
87,root,wilful,willfull,,,,,,,,,,,,,,,,,Oxford Advanced  Learner's Dictionary 8th Edition,
88,root,distil,distill,,,,,,,,,,,,,,,,,Oxford Advanced  Learner's Dictionary 8th Edition,
89,root,enthral,enthrall,,,,,,,,,,,,,,,,,Oxford Advanced  Learner's Dictionary 8th Edition,
90,root,instil,instill,,,,,,,,,,,,,,,,,Oxford Advanced  Learner's Dictionary 8th Edition,
91,root,quin,quint,,,,,,,,,,,,,,,,,Oxford Advanced  Learner's Dictionary 8th Edition,
92,root,plonk,plunk,,,,,,,,,,,,,,,,,Oxford Advanced  Learner's Dictionary 8th Edition,
93,root,scallywag,scalawag,,,,,,,,,,,,,,,,,Oxford Advanced  Learner's Dictionary 8th Edition,
94,root,sledge,sled,,,,,,,,,,,,,,,,,Oxford Advanced  Learner's Dictionary 8th Edition,
95,root,titbit,tidbit,,,,,,,,,,,,,,,,,Oxford Advanced  Learner's Dictionary 8th Edition,
96,root,axe,ax,,,,,,,,,,,,,,,,,Oxford Advanced  Learner's Dictionary 8th Edition,
97,root,coulter,colter,,,,,,,,,,,,,,,,,Oxford Dictionary of English Second Edition Revised,
98,root,,donut,,,,,,,,,,,,,,,,,Oxford Dictionary of English Second Edition Revised,
99,root,,gantlet,,,,,,,,,,,,,,,,,Oxford Dictionary of English Second Edition Revised,
100,root,glycerine,glycerin,,,,,,,,,,,,,,,,,Oxford Dictionary of English Second Edition Revised,
101,root,grey,gray,,,,,,,,,,,,,,,,,Oxford Dictionary of English Second Edition Revised,
102,root,mollusc,mollusk,,,,,,,,,,,,,,,,,Oxford Dictionary of English Second Edition Revised,
103,root,,omelet,,,,,,,,,,,,,,,,,Oxford Dictionary of English Second Edition Revised,
104,root,smoulder,smolder,,,,,,,,,,,,,,,,,Oxford Dictionary of English Second Edition Revised,
105,root,,thru,,,,,,,,,,,,,,,,,Oxford Dictionary of English Second Edition Revised,
106,root,BA,B.A.,,,,,,,,,,,,,,,,,Oxford Advanced  Learner's Dictionary 8th Edition,
107,root,,sitter,,,,,,,,,,,,,,,,,Oxford Advanced  Learner's Dictionary 8th Edition,
108,root,,backcountry,,,,,,,,,,,,,,,,,Oxford Advanced  Learner's Dictionary 8th Edition,
109,root,,backward,,,,,,,,,,,,,,,,,Oxford Advanced  Learner's Dictionary 8th Edition,
110,root,,backwoodsman,,,,,,,,,,,,,,,,,Oxford Advanced  Learner's Dictionary 8th Edition,
111,root,,badass,,,,,,,,,,,,,,,,,Oxford Advanced  Learner's Dictionary 8th Edition,
112,root,,Baggie,,,,,,,,,,,,,,,,,Oxford Advanced  Learner's Dictionary 8th Edition,
113,root,,bakeshop,,,,,,,,,,,,,,,,,Oxford Advanced  Learner's Dictionary 8th Edition,
114,root,,bald-faced,,,,,,,,,,,,,,,,,Oxford Advanced  Learner's Dictionary 8th Edition,
115,root,,balky,,,,,,,,,,,,,,,,,Oxford Advanced  Learner's Dictionary 8th Edition,
116,root,,ballsy,,,,,,,,,,,,,,,,,Oxford Advanced  Learner's Dictionary 8th Edition,
117,root,,bandito,,,,,,,,,,,,,,,,,Oxford Advanced  Learner's Dictionary 8th Edition,
118,root,,bang-up,,,,,,,,,,,,,,,,,Oxford Advanced  Learner's Dictionary 8th Edition,
119,root,,bar-hop,,,,,,,,,,,,,,,,,Oxford Advanced  Learner's Dictionary 8th Edition,
120,root,hairslide,barrete,,,,,,,,,,,,,,,,,Oxford Advanced  Learner's Dictionary 8th Edition,
121,root,baulk,balk,,,,,,,,,,,,,,,,,Oxford Advanced  Learner's Dictionary 8th Edition,
122,root,BC,B.C.,,,,,,,,,,,,,,,,,Oxford Advanced  Learner's Dictionary 8th Edition,
123,root,BCE,B.C.E.,,,,,,,,,,,,,,,,,Oxford Advanced  Learner's Dictionary 8th Edition,
124,root,,nightstand,,,,,,,,,,,,,,,,,Oxford Advanced  Learner's Dictionary 8th Edition,
125,root,beetroot,beet,,,,,,,,,,,,,,,,,Oxford Advanced  Learner's Dictionary 8th Edition,
126,root,behavioural,behavioral,,,,,,,,,,,,,,,,,Oxford Advanced  Learner's Dictionary 8th Edition,
127,root,behaviourally,behaviorally,,,,,,,,,,,,,,,,,Oxford Advanced  Learner's Dictionary 8th Edition,
128,root,,bellboy,,,,,,,,,,,,,,,,,Oxford Advanced  Learner's Dictionary 8th Edition,
129,root,,bellhop,,,,,,,,,,,,,,,,,Oxford Advanced  Learner's Dictionary 8th Edition,
130,root,bicentenary,bicentennial,,,,,,,,,,,,,,,,,Oxford Advanced  Learner's Dictionary 8th Edition,
131,root,,bicoastal,,,,,,,,,,,,,,,,,Oxford Advanced  Learner's Dictionary 8th Edition,
132,root,,big-league,,,,,,,,,,,,,,,,,Oxford Advanced  Learner's Dictionary 8th Edition,
133,root,,bigs,,,,,,,,,,,,,,,,,Oxford Advanced  Learner's Dictionary 8th Edition,
134,root,,big-ticket,,,,,,,,,,,,,,,,,Oxford Advanced  Learner's Dictionary 8th Edition,
135,inflection,,labeling,,,,,,,,,,,,,,,,,Oxford Advanced  Learner's Dictionary 8th Edition,
136,inflection,,traveled,,,,,,,,,,,,,,,,,Oxford Advanced  Learner's Dictionary 8th Edition,
137,inflection,,modeled,,,,,,,,,,,,,,,,,Oxford Advanced  Learner's Dictionary 8th Edition,
138,inflection,,equaling,,,,,,,,,,,,,,,,,Oxford Advanced  Learner's Dictionary 8th Edition,
139,inflection,,equaled,,,,,,,,,,,,,,,,,Oxford Advanced  Learner's Dictionary 8th Edition,
140,inflection,,dialed,,,,,,,,,,,,,,,,,Oxford Advanced  Learner's Dictionary 8th Edition,
141,inflection,,dialing,,,,,,,,,,,,,,,,,Oxford Advanced  Learner's Dictionary 8th Edition,
142,inflection,,fueled,,,,,,,,,,,,,,,,,Oxford Advanced  Learner's Dictionary 8th Edition,
143,inflection,,fueling,,,,,,,,,,,,,,,,,Oxford Advanced  Learner's Dictionary 8th Edition,
144,inflection,,dueled,,,,,,,,,,,,,,,,,Oxford Advanced  Learner's Dictionary 8th Edition,
145,inflection,,dove,,,,,,,,,,,,,,,,,Oxford Advanced  Learner's Dictionary 8th Edition,
146,inflection,,kneeled,,,,,,,,,,,,,,,,,Oxford Dictionary of English Second Edition Revised,
147,inflection,fitted,,,,,,,,,,,,,,,,,,Oxford Advanced  Learner's Dictionary 8th Edition,
148,inflection,sawn,sawed,,,,,,,,,,,,,,,,,Oxford Advanced  Learner's Dictionary 8th Edition,
149,inflection,,gotten,,,,,,,,,,,,,,,,,Oxford Dictionary of English Second Edition Revised,
150,inflection,,sprung,,,,,,,,,,,,,,,,,Oxford Dictionary of English Second Edition Revised,
151,inflection,,snuck,,,,,,,,,,,,,,,,,Oxford Dictionary of English Second Edition Revised,
152,inflection,,pled,,,,,,,,,,,,,,,,,Oxford Advanced  Learner's Dictionary 8th Edition,
153,inflection,ABC,ABCs,,,,,,,,,,,,,,,,,Oxford Advanced  Learner's Dictionary 8th Edition,
154,inflection,,backpedaling,,,,,,,,,,,,,,,,,Oxford Advanced  Learner's Dictionary 8th Edition,
155,inflection,,backpedaled,,,,,,,,,,,,,,,,,Oxford Advanced  Learner's Dictionary 8th Edition,
156,inflection,,bagpipe,,,,,,,,,,,,,,,,,Oxford Advanced  Learner's Dictionary 8th Edition,
157,inflection,,bedeviled,,,,,,,,,,,,,,,,,Oxford Advanced  Learner's Dictionary 8th Edition,
158,inflection,,bedeviling,,,,,,,,,,,,,,,,,Oxford Advanced  Learner's Dictionary 8th Edition,
159,inflection,,bejeweled,,,,,,,,,,,,,,,,,Oxford Advanced  Learner's Dictionary 8th Edition,
160,inflection,,beveled,,,,,,,,,,,,,,,,,Oxford Advanced  Learner's Dictionary 8th Edition,
161,inflection,,jeweled,,,,,,,,,,,,,,,,,Oxford Advanced  Learner's Dictionary 8th Edition,
162,phrase,rained off,,rained out,,,,,,,,,,,,,,,,https://intrepidenglish.co.uk/podcasts/handy-phrasal-verbs-in-the-us-or-uk/,
163,phrase,at the weekend,,on the weekend,,,,,,,,,,,,,,,,http://www.teacherdiane.com/blog/american-vs-british-english,
164,phrase,at Christmas,,on Christmas,,,,,,,,,,,,,,,,http://www.teacherdiane.com/blog/american-vs-british-english,
165,phrase,bird table,bird feeder,,,,,,,,,,,,,,,,,Oxford Advanced  Learner's Dictionary 8th Edition,
166,phrase,bird tables,bird feeders,,,,,,,,,,,,,,,,,Oxford Advanced  Learner's Dictionary 8th Edition,
167,phrase,ground floor,first floor,,,,,,,,,,,,,,,,,Oxford Advanced  Learner's Dictionary 8th Edition,
168,phrase,ground floors,first floors,,,,,,,,,,,,,,,,,Oxford Advanced  Learner's Dictionary 8th Edition,
169,phrase,puppy fat,baby fat,,,,,,,,,,,,,,,,,Oxford Advanced  Learner's Dictionary 8th Edition,
170,phrase,,baby shower,,,,,,,,,,,,,,,,,Oxford Advanced  Learner's Dictionary 8th Edition,
171,phrase,stag night,bachelor party,,,,,,,,,,,,,,,,,Oxford Advanced  Learner's Dictionary 8th Edition,
172,phrase,stag nights,bachelor parties,,,,,,,,,,,,,,,,,Oxford Advanced  Learner's Dictionary 8th Edition,
173,phrase,,back talk,,,,,,,,,,,,,,,,,Oxford Advanced  Learner's Dictionary 8th Edition,
174,phrase,reversing light,backup light,,,,,,,,,,,,,,,,,Oxford Advanced  Learner's Dictionary 8th Edition,
175,phrase,reversing lights,backup lights,,,,,,,,,,,,,,,,,Oxford Advanced  Learner's Dictionary 8th Edition,
176,phrase,luggage van,baggage car,,,,,,,,,,,,,,,,,Oxford Advanced  Learner's Dictionary 8th Edition,
177,phrase,luggage vans,baggage cars,,,,,,,,,,,,,,,,,Oxford Advanced  Learner's Dictionary 8th Edition,
178,phrase,baggage reclaim,baggage claim,,,,,,,,,,,,,,,,,Oxford Advanced  Learner's Dictionary 8th Edition,
179,phrase,baggage reclaims,baggage claims,,,,,,,,,,,,,,,,,Oxford Advanced  Learner's Dictionary 8th Edition,
180,phrase,,bag lunch,,,,,,,,,,,,,,,,,Oxford Advanced  Learner's Dictionary 8th Edition,
181,phrase,,bag lunches,,,,,,,,,,,,,,,,,Oxford Advanced  Learner's Dictionary 8th Edition,
182,phrase,,bake sale,,,,,,,,,,,,,,,,,Oxford Advanced  Learner's Dictionary 8th Edition,
183,phrase,,bake sales,,,,,,,,,,,,,,,,,Oxford Advanced  Learner's Dictionary 8th Edition,
184,phrase,,baking flour,,,,,,,,,,,,,,,,,Oxford Advanced  Learner's Dictionary 8th Edition,
185,phrase,baking sheet,cookie sheet,,,,,,,,,,,,,,,,,Oxford Advanced  Learner's Dictionary 8th Edition,
186,phrase,baking sheets,cookie sheets,,,,,,,,,,,,,,,,,Oxford Advanced  Learner's Dictionary 8th Edition,
187,phrase,,balance beam,,,,,,,,,,,,,,,,,Oxford Advanced  Learner's Dictionary 8th Edition,
188,phrase,,balance beams,,,,,,,,,,,,,,,,,Oxford Advanced  Learner's Dictionary 8th Edition,
189,phrase,,banana belt,,,,,,,,,,,,,,,,,Oxford Advanced  Learner's Dictionary 8th Edition,
190,phrase,,banana belts,,,,,,,,,,,,,,,,,Oxford Advanced  Learner's Dictionary 8th Edition,
191,phrase,swimming cap,bathing cap,,,,,,,,,,,,,,,,,Oxford Advanced  Learner's Dictionary 8th Edition,
192,phrase,swimming caps,bathing caps,,,,,,,,,,,,,,,,,Oxford Advanced  Learner's Dictionary 8th Edition,
193,phrase,,bathing suit,,,,,,,,,,,,,,,,,Oxford Advanced  Learner's Dictionary 8th Edition,
194,phrase,,bathing suits,,,,,,,,,,,,,,,,,Oxford Advanced  Learner's Dictionary 8th Edition,
195,phrase,,beauty mark,,,,,,,,,,,,,,,,,Oxford Advanced  Learner's Dictionary 8th Edition,
196,phrase,,beauty marks,,,,,,,,,,,,,,,,,Oxford Advanced  Learner's Dictionary 8th Edition,
197,phrase,,beauty school,,,,,,,,,,,,,,,,,Oxford Advanced  Learner's Dictionary 8th Edition,
198,phrase,,beauty schools,,,,,,,,,,,,,,,,,Oxford Advanced  Learner's Dictionary 8th Edition,
199,phrase,dormitory town,bedroom community,,,,,,,,,,,,,,,,,Oxford Advanced  Learner's Dictionary 8th Edition,
200,phrase,dormitory towns,bedroom communitis,,,,,,,,,,,,,,,,,Oxford Advanced  Learner's Dictionary 8th Edition,
201,phrase,,bedroom suburb,,,,,,,,,,,,,,,,,Oxford Advanced  Learner's Dictionary 8th Edition,
202,phrase,,bedroom suburbs,,,,,,,,,,,,,,,,,Oxford Advanced  Learner's Dictionary 8th Edition,
203,phrase,,night table,,,,,,,,,,,,,,,,,Oxford Advanced  Learner's Dictionary 8th Edition,
204,phrase,,night tables,,,,,,,,,,,,,,,,,Oxford Advanced  Learner's Dictionary 8th Edition,
205,phrase,beef tomato,beefsteak tomato,,,,,,,,,,,,,,,,,Oxford Advanced  Learner's Dictionary 8th Edition,
206,phrase,beef tomatos,beefsteak tomatos,,,,,,,,,,,,,,,,,Oxford Advanced  Learner's Dictionary 8th Edition,
207,phrase,,bell pepper,,,,,,,,,,,,,,,,,Oxford Advanced  Learner's Dictionary 8th Edition,
208,phrase,,bell peppers,,,,,,,,,,,,,,,,,Oxford Advanced  Learner's Dictionary 8th Edition,
209,phrase,,belt way,,,,,,,,,,,,,,,,,Oxford Advanced  Learner's Dictionary 8th Edition,
210,phrase,,belt ways,,,,,,,,,,,,,,,,,Oxford Advanced  Learner's Dictionary 8th Edition,
211,phrase,,bib overalls,,,,,,,,,,,,,,,,,Oxford Advanced  Learner's Dictionary 8th Edition,
212,phrase,cycle lane,bicycle lane,,,,,,,,,,,,,,,,,Oxford Advanced  Learner's Dictionary 8th Edition,
213,phrase,cycle lanes,bicycle lanes,,,,,,,,,,,,,,,,,Oxford Advanced  Learner's Dictionary 8th Edition,
214,phrase,,bike lane,,,,,,,,,,,,,,,,,Oxford Advanced  Learner's Dictionary 8th Edition,
215,phrase,,bike lanes,,,,,,,,,,,,,,,,,Oxford Advanced  Learner's Dictionary 8th Edition,
216,phrase,,big box,,,,,,,,,,,,,,,,,Oxford Advanced  Learner's Dictionary 8th Edition,
217,phrase,,big boxes,,,,,,,,,,,,,,,,,Oxford Advanced  Learner's Dictionary 8th Edition,
218,phrase,,big-box store,,,,,,,,,,,,,,,,,Oxford Advanced  Learner's Dictionary 8th Edition,
219,phrase,,big-box stores,,,,,,,,,,,,,,,,,Oxford Advanced  Learner's Dictionary 8th Edition,
220,phrase,,big bucks,,,,,,,,,,,,,,,,,Oxford Advanced  Learner's Dictionary 8th Edition,
221,phrase,the Plough,the Big Dipper,,,,,,,,,,,,,,,,,Oxford Advanced  Learner's Dictionary 8th Edition,
222,phrase,,big league,,,,,,,,,,,,,,,,,Oxford Advanced  Learner's Dictionary 8th Edition,
223,phrase,,big leagues,,,,,,,,,,,,,,,,,Oxford Advanced  Learner's Dictionary 8th Edition,
224,phrase,,billy club,,,,,,,,,,,,,,,,,Oxford Advanced  Learner's Dictionary 8th Edition,
225,phrase,,billy clubs,,,,,,,,,,,,,,,,,Oxford Advanced  Learner's Dictionary 8th Edition,
226,root,,biracial,,,,,,,,,,,,,,,,,Oxford Advanced  Learner's Dictionary 8th Edition,
227,phrase,,bird dog,,,,,,,,,,,,,,,,,Oxford Advanced  Learner's Dictionary 8th Edition,
228,phrase,,bird dogs,,,,,,,,,,,,,,,,,Oxford Advanced  Learner's Dictionary 8th Edition,
229,root,,bitchin',,,,,,,,,,,,,,,,,Oxford Advanced  Learner's Dictionary 8th Edition,
230,root,,bitching,,,,,,,,,,,,,,,,,Oxford Advanced  Learner's Dictionary 8th Edition,
231,root,,chalkboard,,,,,,,,,,,,,,,,,Oxford Advanced  Learner's Dictionary 8th Edition,
232,phrase,the black economy,the underground economy,,,,,,,,,,,,,,,,,Oxford Advanced  Learner's Dictionary 8th Edition,
233,phrase,,black gold,,,,,,,,,,,,,,,,,Oxford Advanced  Learner's Dictionary 8th Edition,
234,phrase,,black lung,,,,,,,,,,,,,,,,,Oxford Advanced  Learner's Dictionary 8th Edition,
235,phrase,,black lungs,,,,,,,,,,,,,,,,,Oxford Advanced  Learner's Dictionary 8th Edition,
236,phrase,black pudding,blood sausage,,,,,,,,,,,,,,,,,Oxford Advanced  Learner's Dictionary 8th Edition,
237,phrase,black puddings,blood sausages,,,,,,,,,,,,,,,,,Oxford Advanced  Learner's Dictionary 8th Edition,
238,root,,blacktop,,,,,,,,,,,,,,,,,Oxford Advanced  Learner's Dictionary 8th Edition,
239,phrase,blank cheque,blank check,,,,,,,,,,,,,,,,,Oxford Advanced  Learner's Dictionary 8th Edition,
240,phrase,blank cheques,blank checks,,,,,,,,,,,,,,,,,Oxford Advanced  Learner's Dictionary 8th Edition,
241,root,,bleachers,,,,,,,,,,,,,,,,,Oxford Advanced  Learner's Dictionary 8th Edition,
242,root,,beeper,,,,,,,,,,,,,,,,,Oxford Advanced  Learner's Dictionary 8th Edition,
243,phrase,,window shade,,,,,,,,,,,,,,,,,Oxford Advanced  Learner's Dictionary 8th Edition,
244,phrase,,window shades,,,,,,,,,,,,,,,,,Oxford Advanced  Learner's Dictionary 8th Edition,
245,root,,blindside,,,,,,,,,,,,,,,,,Oxford Advanced  Learner's Dictionary 8th Edition,
246,root,BLitt,B.Litt,,,,,,,,,,,,,,,,,Oxford Advanced  Learner's Dictionary 8th Edition,
247,phrase,,blood type,,,,,,,,,,,,,,,,,Oxford Advanced  Learner's Dictionary 8th Edition,
248,phrase,,blood types,,,,,,,,,,,,,,,,,Oxford Advanced  Learner's Dictionary 8th Edition,
249,root,,bloop,,,,,,,,,,,,,,,,,Oxford Advanced  Learner's Dictionary 8th Edition,
250,root,,blooper,,,,,,,,,,,,,,,,,Oxford Advanced  Learner's Dictionary 8th Edition,
251,root,,bloviate,,,,,,,,,,,,,,,,,Oxford Advanced  Learner's Dictionary 8th Edition,
252,root,blowlamp,blowtorch,,,,,,,,,,,,,,,,,Oxford Advanced  Learner's Dictionary 8th Edition,
253,root,BMus,B.Mus,,,,,,,,,,,,,,,,,Oxford Advanced  Learner's Dictionary 8th Edition,
254,phrase,hair grip,bobby pin,,,,,,,,,,,,,,,,,Oxford Advanced  Learner's Dictionary 8th Edition,
255,phrase,hair grips,boddy pins,,,,,,,,,,,,,,,,,Oxford Advanced  Learner's Dictionary 8th Edition,
256,root,bobsleigh,bobsled,,,,,,,,,,,,,,,,,Oxford Advanced  Learner's Dictionary 8th Edition,
257,root,,bodacious,,,,,,,,,,,,,,,,,Oxford Advanced  Learner's Dictionary 8th Edition,
258,root,,coveralls,,,,,,,,,,,,,,,,,Oxford Advanced  Learner's Dictionary 8th Edition,
259,root,,bolotie,,,,,,,,,,,,,,,,,Oxford Advanced  Learner's Dictionary 8th Edition,
260,phrase,,bomb threat,,,,,,,,,,,,,,,,,Oxford Advanced  Learner's Dictionary 8th Edition,
261,phrase,,bomb threats,,,,,,,,,,,,,,,,,Oxford Advanced  Learner's Dictionary 8th Edition,
262,root,,booger,,,,,,,,,,,,,,,,,Oxford Advanced  Learner's Dictionary 8th Edition,
263,root,,boogeyman,,,,,,,,,,,,,,,,,Oxford Advanced  Learner's Dictionary 8th Edition,
264,root,,bookmobile,,,,,,,,,,,,,,,,,Oxford Advanced  Learner's Dictionary 8th Edition,
265,root,bookshop,bookstore,,,,,,,,,,,,,,,,,Oxford Advanced  Learner's Dictionary 8th Edition,
266,root,bookstall,new-stand,,,,,,,,,,,,,,,,,Oxford Advanced  Learner's Dictionary 8th Edition,
267,phrase,,boom box,,,,,,,,,,,,,,,,,Oxford Advanced  Learner's Dictionary 8th Edition,
268,phrase,,boom boxes,,,,,,,,,,,,,,,,,Oxford Advanced  Learner's Dictionary 8th Edition,
269,root,,boondoggle,,,,,,,,,,,,,,,,,Oxford Advanced  Learner's Dictionary 8th Edition,
270,phrase,,inflatable bouncer,,,,,,,,,,,,,,,,,Oxford Advanced  Learner's Dictionary 8th Edition,
271,phrase,,inflatable bouncers,,,,,,,,,,,,,,,,,Oxford Advanced  Learner's Dictionary 8th Edition,
272,phrase,,box lunch,,,,,,,,,,,,,,,,,Oxford Advanced  Learner's Dictionary 8th Edition,
273,phrase,,box lunches,,,,,,,,,,,,,,,,,Oxford Advanced  Learner's Dictionary 8th Edition,
274,root,,bozo,,,,,,,,,,,,,,,,,Oxford Advanced  Learner's Dictionary 8th Edition,
275,root,BPhil,B.Phil,,,,,,,,,,,,,,,,,Oxford Advanced  Learner's Dictionary 8th Edition,
276,root,,brainiac,,,,,,,,,,,,,,,,,Oxford Advanced  Learner's Dictionary 8th Edition,
277,phrase,,stop light,,,,,,,,,,,,,,,,,Oxford Advanced  Learner's Dictionary 8th Edition,
278,phrase,,stop lights,,,,,,,,,,,,,,,,,Oxford Advanced  Learner's Dictionary 8th Edition,
279,phrase,,brass knuckles,,,,,,,,,,,,,,,,,Oxford Advanced  Learner's Dictionary 8th Edition,
280,root,,headcheese,,,,,,,,,,,,,,,,,Oxford Advanced  Learner's Dictionary 8th Edition,
281,root,,breadbox,,,,,,,,,,,,,,,,,Oxford Advanced  Learner's Dictionary 8th Edition,
282,phrase,,ace out,,,,,,,,,,,,,,,,,Oxford Phrasal Verbs Dictionary for Learners of English Second Edition,
283,phrase,,aces out,,,,,,,,,,,,,,,,,Oxford Phrasal Verbs Dictionary for Learners of English Second Edition,
284,phrase,,aced out,,,,,,,,,,,,,,,,,Oxford Phrasal Verbs Dictionary for Learners of English Second Edition,
285,phrase,,acing out,,,,,,,,,,,,,,,,,Oxford Phrasal Verbs Dictionary for Learners of English Second Edition,
286,root,,brown-bag,,,,,,,,,,,,,,,,,Oxford Advanced  Learner's Dictionary 8th Edition,
287,root,,brown-out,,,,,,,,,,,,,,,,,Oxford Advanced  Learner's Dictionary 8th Edition,
288,root,,brownstone,,,,,,,,,,,,,,,,,Oxford Advanced  Learner's Dictionary 8th Edition,
289,root,BSc,B.S.,,,,,,,,,,,,,,,,,Oxford Advanced  Learner's Dictionary 8th Edition,
290,phrase,,buck naked,,,,,,,,,,,,,,,,,Oxford Advanced  Learner's Dictionary 8th Edition,
291,root,,mimosa,,,,,,,,,,,,,,,,,Oxford Advanced  Learner's Dictionary 8th Edition,
292,root,,bud,,,,,,,,,,,,,,,,,Oxford Advanced  Learner's Dictionary 8th Edition,
293,root,,bugaboo,,,,,,,,,,,,,,,,,Oxford Advanced  Learner's Dictionary 8th Edition,
294,root,,stroller,,,,,,,,,,,,,,,,,Oxford Advanced  Learner's Dictionary 8th Edition,
295,phrase,,construction site,,,,,,,,,,,,,,,,,Oxford Advanced  Learner's Dictionary 8th Edition,
296,phrase,,construction sites,,,,,,,,,,,,,,,,,Oxford Advanced  Learner's Dictionary 8th Edition,
297,phrase,,saving and loan association,,,,,,,,,,,,,,,,,Oxford Advanced  Learner's Dictionary 8th Edition,
298,phrase,,saving and loan associations,,,,,,,,,,,,,,,,,Oxford Advanced  Learner's Dictionary 8th Edition,
299,root,,bullheaded,,,,,,,,,,,,,,,,,Oxford Advanced  Learner's Dictionary 8th Edition,
300,root,loudhailer,bullhorn,,,,,,,,,,,,,,,,,Oxford Advanced  Learner's Dictionary 8th Edition,
301,root,,bullpen,,,,,,,,,,,,,,,,,Oxford Advanced  Learner's Dictionary 8th Edition,
302,phrase,,bull session,,,,,,,,,,,,,,,,,Oxford Advanced  Learner's Dictionary 8th Edition,
303,phrase,,bull sessions,,,,,,,,,,,,,,,,,Oxford Advanced  Learner's Dictionary 8th Edition,
304,phrase,,bully pulpit,,,,,,,,,,,,,,,,,Oxford Advanced  Learner's Dictionary 8th Edition,
305,phrase,,bully pulpits,,,,,,,,,,,,,,,,,Oxford Advanced  Learner's Dictionary 8th Edition,
306,phrase,,fanny pack,,,,,,,,,,,,,,,,,Oxford Advanced  Learner's Dictionary 8th Edition,
307,phrase,,fanny packs,,,,,,,,,,,,,,,,,Oxford Advanced  Learner's Dictionary 8th Edition,
308,phrase,,bumper car,,,,,,,,,,,,,,,,,Oxford Advanced  Learner's Dictionary 8th Edition,
309,phrase,,bumper cars,,,,,,,,,,,,,,,,,Oxford Advanced  Learner's Dictionary 8th Edition,
310,phrase,,bunny slope,,,,,,,,,,,,,,,,,Oxford Advanced  Learner's Dictionary 8th Edition,
311,phrase,,bunny slopes,,,,,,,,,,,,,,,,,Oxford Advanced  Learner's Dictionary 8th Edition,
312,root,burgle,burglarize,,,,,,,,,,,,,,,,,Oxford Advanced  Learner's Dictionary 8th Edition,
313,root,,burgoo,,,,,,,,,,,,,,,,,Oxford Advanced  Learner's Dictionary 8th Edition,
314,root,,bush-league,,,,,,,,,,,,,,,,,Oxford Advanced  Learner's Dictionary 8th Edition,
315,root,,busload,,,,,,,,,,,,,,,,,Oxford Advanced  Learner's Dictionary 8th Edition,
316,root,,busted,,,,,,,,,,,,,,,,,Oxford Advanced  Learner's Dictionary 8th Edition,
317,root,,busywork,,,,,,,,,,,,,,,,,Oxford Advanced  Learner's Dictionary 8th Edition,
318,phrase,,butcher block,,,,,,,,,,,,,,,,,Oxford Advanced  Learner's Dictionary 8th Edition,
319,phrase,,butcher blocks,,,,,,,,,,,,,,,,,Oxford Advanced  Learner's Dictionary 8th Edition,
320,root,,butte,,,,,,,,,,,,,,,,,Oxford Advanced  Learner's Dictionary 8th Edition,
321,phrase,,buyer's remorse,,,,,,,,,,,,,,,,,Oxford Advanced  Learner's Dictionary 8th Edition,
322,root,,caboose,,,,,,,,,,,,,,,,,Oxford Advanced  Learner's Dictionary 8th Edition,
323,phrase,,the Cadillac of,,,,,,,,,,,,,,,,,Oxford Advanced  Learner's Dictionary 8th Edition,
324,phrase,,French press,,,,,,,,,,,,,,,,,Oxford Advanced  Learner's Dictionary 8th Edition,
325,phrase,,French presses,,,,,,,,,,,,,,,,,Oxford Advanced  Learner's Dictionary 8th Edition,
326,root,,cot,,,,,,,,,,,,,,,,,Oxford Advanced  Learner's Dictionary 8th Edition,
327,inflection,,candelabrums,,,,,,,,,,,,,,,,,Oxford Advanced  Learner's Dictionary 8th Edition,
328,root,,candy,,,,,,,,,,,,,,,,,Oxford Advanced  Learner's Dictionary 8th Edition,
329,root,,candyman,,,,,,,,,,,,,,,,,Oxford Advanced  Learner's Dictionary 8th Edition,
330,phrase,canker sore,mouth ulcer,,,,,,,,,,,,,,,,,Oxford Advanced  Learner's Dictionary 8th Edition,
331,phrase,canker sores,mouth ulcers,,,,,,,,,,,,,,,,,Oxford Advanced  Learner's Dictionary 8th Edition,
332,phrase,tin opener,can opener,,,,,,,,,,,,,,,,,Oxford Advanced  Learner's Dictionary 8th Edition,
333,root,,Canuck,,,,,,,,,,,,,,,,,Oxford Advanced  Learner's Dictionary 8th Edition,
334,phrase,card index,card catalog,,,,,,,,,,,,,,,,,Oxford Advanced  Learner's Dictionary 8th Edition,
335,phrase,card indexes,card catalogs,,,,,,,,,,,,,,,,,Oxford Advanced  Learner's Dictionary 8th Edition,
336,root,carer,caregiver,,,,,,,,,,,,,,,,,Oxford Advanced  Learner's Dictionary 8th Edition,
337,phrase,carriage house,mews house,,,,,,,,,,,,,,,,,Oxford Advanced  Learner's Dictionary 8th Edition,
338,phrase,carriage houses,mews houses,,,,,,,,,,,,,,,,,Oxford Advanced  Learner's Dictionary 8th Edition,
339,phrase,carrier bag,shopping bag,,,,,,,,,,,,,,,,,Oxford Advanced  Learner's Dictionary 8th Edition,
340,phrase,carrier bags,shopping bags,,,,,,,,,,,,,,,,,Oxford Advanced  Learner's Dictionary 8th Edition,
341,root,cashback,cash-back,,,,,,,,,,,,,,,,,Oxford Advanced  Learner's Dictionary 8th Edition,
342,root,castor,caster,,,,,,,,,,,,,,,,,Oxford Advanced  Learner's Dictionary 8th Edition,
343,root,cast-off,hand-me-down,,,,,,,,,,,,,,,,,Oxford Advanced  Learner's Dictionary 8th Edition,
344,phrase,cat flap,cat door,,,,,,,,,,,,,,,,,Oxford Advanced  Learner's Dictionary 8th Edition,
345,phrase,cat flaps,cat doors,,,,,,,,,,,,,,,,,Oxford Advanced  Learner's Dictionary 8th Edition,
346,phrase,Caterpillar track,tank tread,,,,,,,,,,,,,,,,,Oxford Advanced  Learner's Dictionary 8th Edition,
347,phrase,Caterpillar tracks,tank treads,,,,,,,,,,,,,,,,,Oxford Advanced  Learner's Dictionary 8th Edition,
348,phrase,cattle grid,cattle guard,,,,,,,,,,,,,,,,,Oxford Advanced  Learner's Dictionary 8th Edition,
349,phrase,cauliflower cheese,cauliflower with cheese,,,,,,,,,,,,,,,,,Oxford Advanced  Learner's Dictionary 8th Edition,
350,root,potholer,spelunker,,,,,,,,,,,,,,,,,Oxford Advanced  Learner's Dictionary 8th Edition,
351,root,potholing,spelunkering,,,,,,,,,,,,,,,,,Oxford Advanced  Learner's Dictionary 8th Edition,
352,root,woollens,woolens,,,,,,,,,,,,,,,,,Oxford Advanced  Learner's Dictionary 8th Edition,
353,root,woolly,wooly,,,,,,,,,,,,,,,,,Oxford Advanced  Learner's Dictionary 8th Edition,
354,inflection,,barreled,,,,,,,,,,,,,,,,,Oxford Advanced  Learner's Dictionary 8th Edition,
355,inflection,,barreling,,,,,,,,,,,,,,,,,Oxford Advanced  Learner's Dictionary 8th Edition,
356,root,,burned-out,,,,,,,,,,,,,,,,,Oxford Advanced  Learner's Dictionary 8th Edition,
357,root,lounger,,,,,,,,,,,,,,,,,,Oxford Advanced  Learner's Dictionary 8th Edition,
358,root,sunlounger,,,,,,,,,,,,,,,,,,Oxford Advanced  Learner's Dictionary 8th Edition,
359,phrase,any more,,,,,,,,,,,,,,,,,,Oxford Dictionary of English Second Edition Revised,
360,phrase,for ever,,,,,,,,,,,,,,,,,,Oxford Advanced  Learner's Dictionary 8th Edition,
361,phrase,for evermore,,,,,,,,,,,,,,,,,,Oxford Dictionary of English Second Edition Revised,
362,phrase,forever more,,,,,,,,,,,,,,,,,,Oxford Dictionary of English Second Edition Revised,
363,phrase,breakdown truck,,,,,,,,,,,,,,,,,,Oxford Advanced  Learner's Dictionary 8th Edition,
364,phrase,breakdown trucks,,,,,,,,,,,,,,,,,,Oxford Advanced  Learner's Dictionary 8th Edition,
365,phrase,the underground,,,,,,,,,,,,,,,,,,Oxford Advanced  Learner's Dictionary 8th Edition,
366,phrase,the undergrounds,,,,,,,,,,,,,,,,,,Oxford Advanced  Learner's Dictionary 8th Edition,
367,phrase,the tube,,,,,,,,,,,,,,,,,,Oxford Advanced  Learner's Dictionary 8th Edition,
368,phrase,the tubes,,,,,,,,,,,,,,,,,,Oxford Advanced  Learner's Dictionary 8th Edition,
369,root,inflexion,,,,,,,,,,,,,,,,,,Oxford Advanced  Learner's Dictionary 8th Edition,
370,root,anticlockwise,,,,,,,,,,,,,,,,,,Oxford Advanced  Learner's Dictionary 8th Edition,
371,root,rubbish,,,,,,,,,,,,,,,,,,Oxford Advanced  Learner's Dictionary 8th Edition,
372,root,cinema,,,,,,,,,,,,,,,,,,Oxford Advanced  Learner's Dictionary 8th Edition,
373,root,bathrobe,,,,,,,,,,,,,,,,,,Oxford Advanced  Learner's Dictionary 8th Edition,
374,root,pushchair,,,,,,,,,,,,,,,,,,Oxford Advanced  Learner's Dictionary 8th Edition,
375,root,waistcoat,,,,,,,,,,,,,,,,,,Oxford Advanced  Learner's Dictionary 8th Edition,
376,root,,busboy,,,,,,,,,,,,,,,,,Oxford Advanced  Learner's Dictionary 8th Edition,
377,root,ABH,,,,,,,,,,,,,,,,,,Oxford Advanced  Learner's Dictionary 8th Edition,
378,root,actualise,,,,,,,,,,,,,,,,,,Oxford Advanced  Learner's Dictionary 8th Edition,
379,root,admin,,,,,,,,,,,,,,,,,,Oxford Advanced  Learner's Dictionary 8th Edition,
380,root,advert,,,,,,,,,,,,,,,,,,Oxford Advanced  Learner's Dictionary 8th Edition,
381,root,aeon,,,,,,,,,,,,,,,,,,Oxford Advanced  Learner's Dictionary 8th Edition,
382,root,aerial,,,,,,,,,,,,,,,,,,Oxford Advanced  Learner's Dictionary 8th Edition,
383,root,afters,,,,,,,,,,,,,,,,,,Oxford Advanced  Learner's Dictionary 8th Edition,
384,root,Aga,,,,,,,,,,,,,,,,,,Oxford Advanced  Learner's Dictionary 8th Edition,
385,root,aggrandisement,,,,,,,,,,,,,,,,,,Oxford Advanced  Learner's Dictionary 8th Edition,
386,root,aggro,,,,,,,,,,,,,,,,,,Oxford Advanced  Learner's Dictionary 8th Edition,
387,root,airbed,,,,,,,,,,,,,,,,,,Oxford Advanced  Learner's Dictionary 8th Edition,
388,root,airy-fairy,,,,,,,,,,,,,,,,,,Oxford Advanced  Learner's Dictionary 8th Edition,
389,root,all-rounder,,,,,,,,,,,,,,,,,,Oxford Advanced  Learner's Dictionary 8th Edition,
390,root,all-singing,,,,,,,,,,,,,,,,,,Oxford Advanced  Learner's Dictionary 8th Edition,
391,root,all-dancing,,,,,,,,,,,,,,,,,,Oxford Advanced  Learner's Dictionary 8th Edition,
392,root,alphabetise,,,,,,,,,,,,,,,,,,Oxford Advanced  Learner's Dictionary 8th Edition,
393,root,Alsatian,,,,,,,,,,,,,,,,,,Oxford Advanced  Learner's Dictionary 8th Edition,
394,root,anaesthetise,,anaesthetize,,,,,,,,,,,,,,,,Oxford Advanced  Learner's Dictionary 8th Edition,
395,root,analogue,analog,,,,,,,,,,,,,,,,,Oxford Advanced  Learner's Dictionary 8th Edition,
396,root,anglicise,,,,,,,,,,,,,,,,,,Oxford Advanced  Learner's Dictionary 8th Edition,
397,root,annexe,,,,,,,,,,,,,,,,,,Oxford Advanced  Learner's Dictionary 8th Edition,
398,root,annualised,,,,,,,,,,,,,,,,,,Oxford Advanced  Learner's Dictionary 8th Edition,
399,root,anodise,,,,,,,,,,,,,,,,,,Oxford Advanced  Learner's Dictionary 8th Edition,
400,root,anonymise,,,,,,,,,,,,,,,,,,Oxford Advanced  Learner's Dictionary 8th Edition,
401,root,answerphone,,,,,,,,,,,,,,,,,,Oxford Advanced  Learner's Dictionary 8th Edition,
402,root,antagonise,,,,,,,,,,,,,,,,,,Oxford Advanced  Learner's Dictionary 8th Edition,
403,root,antenatal,,,,,,,,,,,,,,,,,,Oxford Advanced  Learner's Dictionary 8th Edition,
404,root,anthologise,,,,,,,,,,,,,,,,,,Oxford Advanced  Learner's Dictionary 8th Edition,
405,root,antiglobalisation,,,,,,,,,,,,,,,,,,Oxford Advanced  Learner's Dictionary 8th Edition,
406,root,aperitif,,,,,,,,,,,,,,,,,,Oxford Advanced  Learner's Dictionary 8th Edition,
407,root,appetiser,,,,,,,,,,,,,,,,,,Oxford Advanced  Learner's Dictionary 8th Edition,
408,root,appetising,,,,,,,,,,,,,,,,,,Oxford Advanced  Learner's Dictionary 8th Edition,
409,root,arty,artsy,,,,,,,,,,,,,,,,,Oxford Advanced  Learner's Dictionary 8th Edition,
410,root,atishoo,,,,,,,,,,,,,,,,,,Oxford Advanced  Learner's Dictionary 8th Edition,
411,root,ATP,,,,,,,,,,,,,,,,,,Oxford Advanced  Learner's Dictionary 8th Edition,
412,root,authorisation,,,,,,,,,,,,,,,,,,Oxford Advanced  Learner's Dictionary 8th Edition,
413,root,authorise,,,,,,,,,,,,,,,,,,Oxford Advanced  Learner's Dictionary 8th Edition,
414,root,avalanche,,,,,,,,,,,,,,,,,,Oxford Advanced  Learner's Dictionary 8th Edition,
415,root,awayday,,,,,,,,,,,,,,,,,,Oxford Advanced  Learner's Dictionary 8th Edition,
416,root,axeman,,axman,,,,,,,,,,,,,,,,Oxford Advanced  Learner's Dictionary 8th Edition,
417,root,baccy,,,,,,,,,,,,,,,,,,Oxford Advanced  Learner's Dictionary 8th Edition,
418,root,catalogue,,,,,,,,,,,,,,,,,,Oxford Advanced  Learner's Dictionary 8th Edition,
419,root,backchat,,,,,,,,,,,,,,,,,,Oxford Advanced  Learner's Dictionary 8th Edition,
420,root,backcloth,,,,,,,,,,,,,,,,,,Oxford Advanced  Learner's Dictionary 8th Edition,
421,root,backcrawl,,,,,,,,,,,,,,,,,,Oxford Advanced  Learner's Dictionary 8th Edition,
422,root,backhander,,,,,,,,,,,,,,,,,,Oxford Advanced  Learner's Dictionary 8th Edition,
423,root,backmarker,,,,,,,,,,,,,,,,,,Oxford Advanced  Learner's Dictionary 8th Edition,
424,root,back-to-back,,,,,,,,,,,,,,,,,,Oxford Advanced  Learner's Dictionary 8th Edition,
425,root,baddy,,,,,,,,,,,,,,,,,,Oxford Advanced  Learner's Dictionary 8th Edition,
426,root,balls-up,,,,,,,,,,,,,,,,,,Oxford Advanced  Learner's Dictionary 8th Edition,
427,root,plaster,,,,,,,,,,,,,,,,,,Oxford Advanced  Learner's Dictionary 8th Edition,
428,root,banger,,,,,,,,,,,,,,,,,,Oxford Advanced  Learner's Dictionary 8th Edition,
429,root,bap,,,,,,,,,,,,,,,,,,Oxford Advanced  Learner's Dictionary 8th Edition,
430,root,baptise,,,,,,,,,,,,,,,,,,Oxford Advanced  Learner's Dictionary 8th Edition,
431,root,battleaxe,,,,,,,,,,,,,,,,,,Oxford Advanced  Learner's Dictionary 8th Edition,
432,root,batty,,,,,,,,,,,,,,,,,,Oxford Advanced  Learner's Dictionary 8th Edition,
433,root,beastly,,,,,,,,,,,,,,,,,,Oxford Advanced  Learner's Dictionary 8th Edition,
434,root,beck,,,,,,,,,,,,,,,,,,Oxford Advanced  Learner's Dictionary 8th Edition,
435,root,bedcover,,,,,,,,,,,,,,,,,,Oxford Advanced  Learner's Dictionary 8th Edition,
436,root,bedsit,,,,,,,,,,,,,,,,,,Oxford Advanced  Learner's Dictionary 8th Edition,
437,root,bedsitter,,,,,,,,,,,,,,,,,,Oxford Advanced  Learner's Dictionary 8th Edition,
438,root,benchwarmer,,,,,,,,,,,,,,,,,,Oxford Advanced  Learner's Dictionary 8th Edition,
439,root,bendy,,,,,,,,,,,,,,,,,,Oxford Advanced  Learner's Dictionary 8th Edition,
440,root,Berlinder,,,,,,,,,,,,,,,,,,Oxford Advanced  Learner's Dictionary 8th Edition,
441,root,bijou,,,,,,,,,,,,,,,,,,Oxford Advanced  Learner's Dictionary 8th Edition,
442,inflection,learnt,,,,,,,,,,,,,,,,,,Oxford Advanced  Learner's Dictionary 8th Edition,
443,inflection,spoilt,,,,,,,,,,,,,,,,,,Oxford Advanced  Learner's Dictionary 8th Edition,
444,inflection,spelt,,,,,,,,,,,,,,,,,,Oxford Advanced  Learner's Dictionary 8th Edition,
445,inflection,burnt,,,,,,,,,,,,,,,,,,Oxford Dictionary of English Second Edition Revised,
446,inflection,smelt,,,,,,,,,,,,,,,,,,Oxford Advanced  Learner's Dictionary 8th Edition,
447,inflection,spilt,,,,,,,,,,,,,,,,,,Oxford Advanced  Learner's Dictionary 8th Edition,
448,inflection,banisters,,,,,,,,,,,,,,,,,,Oxford Advanced  Learner's Dictionary 8th Edition,
449,root,casualty,,,,,,,,,,,,,,,,,,Oxford Advanced  Learner's Dictionary 8th Edition,
450,phrase,actual bodily harm,,,,,,,,,,,,,,,,,,Oxford Advanced  Learner's Dictionary 8th Edition,
451,phrase,air hostess,,,,,,,,,,,,,,,,,,Oxford Advanced  Learner's Dictionary 8th Edition,
452,phrase,air hostesses,,,,,,,,,,,,,,,,,,Oxford Advanced  Learner's Dictionary 8th Edition,
453,phrase,airing cupboard,,,,,,,,,,,,,,,,,,Oxford Advanced  Learner's Dictionary 8th Edition,
454,phrase,airing cupboards,,,,,,,,,,,,,,,,,,Oxford Advanced  Learner's Dictionary 8th Edition,
455,phrase,Alice band,,,,,,,,,,,,,,,,,,Oxford Advanced  Learner's Dictionary 8th Edition,
456,phrase,Alice bands,,,,,,,,,,,,,,,,,,Oxford Advanced  Learner's Dictionary 8th Edition,
457,phrase,American football,,,,,,,,,,,,,,,,,,Oxford Advanced  Learner's Dictionary 8th Edition,
458,phrase,amusement arcade,,,,,,,,,,,,,,,,,,Oxford Advanced  Learner's Dictionary 8th Edition,
459,phrase,amusement arcades,,,,,,,,,,,,,,,,,,Oxford Advanced  Learner's Dictionary 8th Edition,
460,phrase,ankle sock,,,,,,,,,,,,,,,,,,Oxford Advanced  Learner's Dictionary 8th Edition,
461,phrase,ankle socks,,,,,,,,,,,,,,,,,,Oxford Advanced  Learner's Dictionary 8th Edition,
462,phrase,the Antipodes,,,,,,,,,,,,,,,,,,Oxford Advanced  Learner's Dictionary 8th Edition,
463,phrase,any time,,,,,,,,,,,,,,,,,,Oxford Advanced  Learner's Dictionary 8th Edition,
464,phrase,approved school,,,,,,,,,,,,,,,,,,Oxford Advanced  Learner's Dictionary 8th Edition,
465,phrase,approved schools,,,,,,,,,,,,,,,,,,Oxford Advanced  Learner's Dictionary 8th Edition,
466,phrase,the armed services,,,,,,,,,,,,,,,,,,Oxford Advanced  Learner's Dictionary 8th Edition,
467,phrase,artificial ventilation,,,,,,,,,,,,,,,,,,Oxford Advanced  Learner's Dictionary 8th Edition,
468,phrase,arum lily,,,,,,,,,,,,,,,,,,Oxford Advanced  Learner's Dictionary 8th Edition,
469,phrase,arum lilies,,,,,,,,,,,,,,,,,,Oxford Advanced  Learner's Dictionary 8th Edition,
470,phrase,assembly room,,,,,,,,,,,,,,,,,,Oxford Advanced  Learner's Dictionary 8th Edition,
471,phrase,assembly rooms,,,,,,,,,,,,,,,,,,Oxford Advanced  Learner's Dictionary 8th Edition,
472,phrase,avocado pear,,,,,,,,,,,,,,,,,,Oxford Advanced  Learner's Dictionary 8th Edition,
473,phrase,avocado pears,,,,,,,,,,,,,,,,,,Oxford Advanced  Learner's Dictionary 8th Edition,
474,phrase,baby boomer,,,,,,,,,,,,,,,,,,Oxford Advanced  Learner's Dictionary 8th Edition,
475,phrase,baby boomers,,,,,,,,,,,,,,,,,,Oxford Advanced  Learner's Dictionary 8th Edition,
476,phrase,milk tooth,,,,,,,,,,,,,,,,,,Oxford Advanced  Learner's Dictionary 8th Edition,
477,phrase,milk teeth,,,,,,,,,,,,,,,,,,Oxford Advanced  Learner's Dictionary 8th Edition,
478,phrase,baby walker,,,,,,,,,,,,,,,,,,Oxford Advanced  Learner's Dictionary 8th Edition,
479,phrase,baby walkers,,,,,,,,,,,,,,,,,,Oxford Advanced  Learner's Dictionary 8th Edition,
480,phrase,stag party,,,,,,,,,,,,,,,,,,Oxford Advanced  Learner's Dictionary 8th Edition,
481,phrase,stag parties,,,,,,,,,,,,,,,,,,Oxford Advanced  Learner's Dictionary 8th Edition,
482,phrase,back copy,,,,,,,,,,,,,,,,,,Oxford Advanced  Learner's Dictionary 8th Edition,
483,phrase,back copies,,,,,,,,,,,,,,,,,,Oxford Advanced  Learner's Dictionary 8th Edition,
484,phrase,back end,,,,,,,,,,,,,,,,,,Oxford Advanced  Learner's Dictionary 8th Edition,
485,phrase,back number,,,,,,,,,,,,,,,,,,Oxford Advanced  Learner's Dictionary 8th Edition,
486,phrase,back numbers,,,,,,,,,,,,,,,,,,Oxford Advanced  Learner's Dictionary 8th Edition,
487,phrase,back passage,,,,,,,,,,,,,,,,,,Oxford Advanced  Learner's Dictionary 8th Edition,
488,phrase,back passages,,,,,,,,,,,,,,,,,,Oxford Advanced  Learner's Dictionary 8th Edition,
489,phrase,back-room boy,,,,,,,,,,,,,,,,,,Oxford Advanced  Learner's Dictionary 8th Edition,
490,phrase,back-room boys,,,,,,,,,,,,,,,,,,Oxford Advanced  Learner's Dictionary 8th Edition,
491,phrase,baking tray,,,,,,,,,,,,,,,,,,Oxford Advanced  Learner's Dictionary 8th Edition,
492,phrase,baking trays,,,,,,,,,,,,,,,,,,Oxford Advanced  Learner's Dictionary 8th Edition,
493,phrase,ballot paper,,,,,,,,,,,,,,,,,,Oxford Advanced  Learner's Dictionary 8th Edition,
494,phrase,ballot papers,,,,,,,,,,,,,,,,,,Oxford Advanced  Learner's Dictionary 8th Edition,
495,phrase,banana skin,,,,,,,,,,,,,,,,,,Oxford Advanced  Learner's Dictionary 8th Edition,
496,phrase,stckinig plaster,,,,,,,,,,,,,,,,,,Oxford Advanced  Learner's Dictionary 8th Edition,
497,phrase,stckinig plasters,,,,,,,,,,,,,,,,,,Oxford Advanced  Learner's Dictionary 8th Edition,
498,phrase,b and b,,,,,,,,,,,,,,,,,,Oxford Advanced  Learner's Dictionary 8th Edition,
499,phrase,b & b,,,,,,,,,,,,,,,,,,Oxford Advanced  Learner's Dictionary 8th Edition,
500,phrase,banged up,,,,,,,,,,,,,,,,,,Oxford Advanced  Learner's Dictionary 8th Edition,
501,phrase,banker's card,,,,,,,,,,,,,,,,,,Oxford Advanced  Learner's Dictionary 8th Edition,
502,phrase,banker's cards,,,,,,,,,,,,,,,,,,Oxford Advanced  Learner's Dictionary 8th Edition,
503,phrase,banker's order,,,,,,,,,,,,,,,,,,Oxford Advanced  Learner's Dictionary 8th Edition,
504,phrase,banker's orders,,,,,,,,,,,,,,,,,,Oxford Advanced  Learner's Dictionary 8th Edition,
505,phrase,bank holiday,,,,,,,,,,,,,,,,,,Oxford Advanced  Learner's Dictionary 8th Edition,
506,phrase,bank holidays,,,,,,,,,,,,,,,,,,Oxford Advanced  Learner's Dictionary 8th Edition,
507,phrase,banner year,,,,,,,,,,,,,,,,,,Oxford Advanced  Learner's Dictionary 8th Edition,
508,phrase,banner years,,,,,,,,,,,,,,,,,,Oxford Advanced  Learner's Dictionary 8th Edition,
509,phrase,bar billiards,,,,,,,,,,,,,,,,,,Oxford Advanced  Learner's Dictionary 8th Edition,
510,phrase,bargaining counter,,,,,,,,,,,,,,,,,,Oxford Advanced  Learner's Dictionary 8th Edition,
511,phrase,bargaining counters,,,,,,,,,,,,,,,,,,Oxford Advanced  Learner's Dictionary 8th Edition,
512,phrase,barking mad,,,,,,,,,,,,,,,,,,Oxford Advanced  Learner's Dictionary 8th Edition,
513,phrase,barley water,,,,,,,,,,,,,,,,,,Oxford Advanced  Learner's Dictionary 8th Edition,
514,phrase,barrow boy,,,,,,,,,,,,,,,,,,Oxford Advanced  Learner's Dictionary 8th Edition,
515,phrase,barrow boys,,,,,,,,,,,,,,,,,,Oxford Advanced  Learner's Dictionary 8th Edition,
516,phrase,Moses basket,,,,,,,,,,,,,,,,,,Oxford Advanced  Learner's Dictionary 8th Edition,
517,phrase,Moses baskets,,,,,,,,,,,,,,,,,,Oxford Advanced  Learner's Dictionary 8th Edition,
518,phrase,swimming hat,,,,,,,,,,,,,,,,,,Oxford Advanced  Learner's Dictionary 8th Edition,
519,phrase,swimming hats,,,,,,,,,,,,,,,,,,Oxford Advanced  Learner's Dictionary 8th Edition,
520,phrase,bathing costume,,,,,,,,,,,,,,,,,,Oxford Advanced  Learner's Dictionary 8th Edition,
521,phrase,bathing costumes,,,,,,,,,,,,,,,,,,Oxford Advanced  Learner's Dictionary 8th Edition,
522,phrase,baton round,,,,,,,,,,,,,,,,,,Oxford Advanced  Learner's Dictionary 8th Edition,
523,phrase,baton rounds,,,,,,,,,,,,,,,,,,Oxford Advanced  Learner's Dictionary 8th Edition,
524,phrase,battery farm,,,,,,,,,,,,,,,,,,Oxford Advanced  Learner's Dictionary 8th Edition,
525,phrase,battery farms,,,,,,,,,,,,,,,,,,Oxford Advanced  Learner's Dictionary 8th Edition,
526,phrase,beauty contest,,,,,,,,,,,,,,,,,,Oxford Advanced  Learner's Dictionary 8th Edition,
527,phrase,beauty contests,,,,,,,,,,,,,,,,,,Oxford Advanced  Learner's Dictionary 8th Edition,
528,phrase,beauty salon,,,,,,,,,,,,,,,,,,Oxford Advanced  Learner's Dictionary 8th Edition,
529,phrase,beauty salons,,,,,,,,,,,,,,,,,,Oxford Advanced  Learner's Dictionary 8th Edition,
530,phrase,beauty parlour,,,,,,,,,,,,,,,,,,Oxford Advanced  Learner's Dictionary 8th Edition,
531,phrase,beauty parlours,,,,,,,,,,,,,,,,,,Oxford Advanced  Learner's Dictionary 8th Edition,
532,phrase,bed and board,,,,,,,,,,,,,,,,,,Oxford Advanced  Learner's Dictionary 8th Edition,
533,phrase,bedsitting room,,,,,,,,,,,,,,,,,,Oxford Advanced  Learner's Dictionary 8th Edition,
534,phrase,bedsitting rooms,,,,,,,,,,,,,,,,,,Oxford Advanced  Learner's Dictionary 8th Edition,
535,phrase,beef tea,,,,,,,,,,,,,,,,,,Oxford Advanced  Learner's Dictionary 8th Edition,
536,phrase,beef teas,,,,,,,,,,,,,,,,,,Oxford Advanced  Learner's Dictionary 8th Edition,
537,phrase,beer mat,,,,,,,,,,,,,,,,,,Oxford Advanced  Learner's Dictionary 8th Edition,
538,phrase,beer mats,,,,,,,,,,,,,,,,,,Oxford Advanced  Learner's Dictionary 8th Edition,
539,phrase,bell push,,,,,,,,,,,,,,,,,,Oxford Advanced  Learner's Dictionary 8th Edition,
540,phrase,bell pushes,,,,,,,,,,,,,,,,,,Oxford Advanced  Learner's Dictionary 8th Edition,
541,phrase,bendy bus,,,,,,,,,,,,,,,,,,Oxford Advanced  Learner's Dictionary 8th Edition,
542,phrase,bendy busses,,,,,,,,,,,,,,,,,,Oxford Advanced  Learner's Dictionary 8th Edition,
543,phrase,best-before date,,,,,,,,,,,,,,,,,,Oxford Advanced  Learner's Dictionary 8th Edition,
544,phrase,best-before dates,,,,,,,,,,,,,,,,,,Oxford Advanced  Learner's Dictionary 8th Edition,
545,phrase,betting shop,,,,,,,,,,,,,,,,,,Oxford Advanced  Learner's Dictionary 8th Edition,
546,phrase,betting shops,,,,,,,,,,,,,,,,,,Oxford Advanced  Learner's Dictionary 8th Edition,
547,phrase,big dipper,,,,,,,,,,,,,,,,,,Oxford Advanced  Learner's Dictionary 8th Edition,
548,phrase,big dippers,,,,,,,,,,,,,,,,,,Oxford Advanced  Learner's Dictionary 8th Edition,
549,phrase,the big smoke,,,,,,,,,,,,,,,,,,Oxford Advanced  Learner's Dictionary 8th Edition,
550,phrase,the Big Wheel,,,,,,,,,,,,,,,,,,Oxford Advanced  Learner's Dictionary 8th Edition,
551,phrase,the Big Wheels,,,,,,,,,,,,,,,,,,Oxford Advanced  Learner's Dictionary 8th Edition,
552,phrase,bin bag,,,,,,,,,,,,,,,,,,Oxford Advanced  Learner's Dictionary 8th Edition,
553,phrase,bin bags,,,,,,,,,,,,,,,,,,Oxford Advanced  Learner's Dictionary 8th Edition,
554,phrase,bingo wings,,,,,,,,,,,,,,,,,,Oxford Advanced  Learner's Dictionary 8th Edition,
555,phrase,big liner,,,,,,,,,,,,,,,,,,Oxford Advanced  Learner's Dictionary 8th Edition,
556,phrase,big liners,,,,,,,,,,,,,,,,,,Oxford Advanced  Learner's Dictionary 8th Edition,
557,root,binman,,,,,,,,,,,,,,,,,,Oxford Advanced  Learner's Dictionary 8th Edition,
558,root,bint,,,,,,,,,,,,,,,,,,Oxford Advanced  Learner's Dictionary 8th Edition,
559,phrase,mixed race,,,,,,,,,,,,,,,,,,Oxford Advanced  Learner's Dictionary 8th Edition,
560,root,biro,,,,,,,,,,,,,,,,,,Oxford Advanced  Learner's Dictionary 8th Edition,
561,phrase,bitter lemon,,,,,,,,,,,,,,,,,,Oxford Advanced  Learner's Dictionary 8th Edition,
562,root,bitter-sweet,,,,,,,,,,,,,,,,,,Oxford Advanced  Learner's Dictionary 8th Edition,
563,root,bitty,,,,,,,,,,,,,,,,,,Oxford Advanced  Learner's Dictionary 8th Edition,
564,root,bramble,,,,,,,,,,,,,,,,,,Oxford Advanced  Learner's Dictionary 8th Edition,
565,phrase,black cab,,,,,,,,,,,,,,,,,,Oxford Advanced  Learner's Dictionary 8th Edition,
566,phrase,black cabs,,,,,,,,,,,,,,,,,,Oxford Advanced  Learner's Dictionary 8th Edition,
567,root,blackguard,,,,,,,,,,,,,,,,,,Oxford Advanced  Learner's Dictionary 8th Edition,
568,root,pontoon,,,,,,,,,,,,,,,,,,Oxford Advanced  Learner's Dictionary 8th Edition,
569,root,blackleg,,,,,,,,,,,,,,,,,,Oxford Advanced  Learner's Dictionary 8th Edition,
570,phrase,black mark,,,,,,,,,,,,,,,,,,Oxford Advanced  Learner's Dictionary 8th Edition,
571,phrase,black marks,,,,,,,,,,,,,,,,,,Oxford Advanced  Learner's Dictionary 8th Edition,
572,phrase,black spot,,,,,,,,,,,,,,,,,,Oxford Advanced  Learner's Dictionary 8th Edition,
573,phrase,black spots,,,,,,,,,,,,,,,,,,Oxford Advanced  Learner's Dictionary 8th Edition,
574,root,blag,,,,,,,,,,,,,,,,,,Oxford Advanced  Learner's Dictionary 8th Edition,
575,root,blancmange,,,,,,,,,,,,,,,,,,Oxford Advanced  Learner's Dictionary 8th Edition,
576,phrase,blanket bath,,,,,,,,,,,,,,,,,,Oxford Advanced  Learner's Dictionary 8th Edition,
577,root,bleeder,,,,,,,,,,,,,,,,,,Oxford Advanced  Learner's Dictionary 8th Edition,
578,root,bleeding,,,,,,,,,,,,,,,,,,Oxford Advanced  Learner's Dictionary 8th Edition,
579,root,blench,,,,,,,,,,,,,,,,,,Oxford Advanced  Learner's Dictionary 8th Edition,
580,root,liquidzer,,,,,,,,,,,,,,,,,,Oxford Advanced  Learner's Dictionary 8th Edition,
581,root,blighter,,,,,,,,,,,,,,,,,,Oxford Advanced  Learner's Dictionary 8th Edition,
582,root,Blighty,,,,,,,,,,,,,,,,,,Oxford Advanced  Learner's Dictionary 8th Edition,
583,phrase,cor blimey,,,,,,,,,,,,,,,,,,Oxford Advanced  Learner's Dictionary 8th Edition,
584,phrase,blind man's buff,,,,,,,,,,,,,,,,,,Oxford Advanced  Learner's Dictionary 8th Edition,
585,root,blinking,,,,,,,,,,,,,,,,,,Oxford Advanced  Learner's Dictionary 8th Edition,
586,root,bloater,,,,,,,,,,,,,,,,,,Oxford Advanced  Learner's Dictionary 8th Edition,
587,root,blokeish,,,,,,,,,,,,,,,,,,Oxford Advanced  Learner's Dictionary 8th Edition,
588,root,bloody-minded,,,,,,,,,,,,,,,,,,Oxford Advanced  Learner's Dictionary 8th Edition,
589,root,bloomer,,,,,,,,,,,,,,,,,,Oxford Advanced  Learner's Dictionary 8th Edition,
590,root,blooming,,,,,,,,,,,,,,,,,,Oxford Advanced  Learner's Dictionary 8th Edition,
591,root,blotched,,,,,,,,,,,,,,,,,,Oxford Advanced  Learner's Dictionary 8th Edition,
592,root,torch,,,,,,,,,,,,,,,,,,Oxford Advanced  Learner's Dictionary 8th Edition,
593,root,blowsy,,,,,,,,,,,,,,,,,,Oxford Advanced  Learner's Dictionary 8th Edition,
594,root,blowzy,,,,,,,,,,,,,,,,,,Oxford Advanced  Learner's Dictionary 8th Edition,
595,root,blue-on-blue,,,,,,,,,,,,,,,,,,Oxford Advanced  Learner's Dictionary 8th Edition,
596,phrase,blue riband,,,,,,,,,,,,,,,,,,Oxford Advanced  Learner's Dictionary 8th Edition,
597,root,decimalise,,,,,,,,,,,,,,,,,,Oxford Advanced  Learner's Dictionary 8th Edition,
598,root,aerogramme,aerogram,,,,,,,,,,,,,,,,,Oxford Advanced  Learner's Dictionary 8th Edition,
599,root,kilogramme,,,,,,,,,,,,,,,,,,Oxford Advanced  Learner's Dictionary 8th Edition,
600,root,lumme,,,,,,,,,,,,,,,,,,Oxford Advanced  Learner's Dictionary 8th Edition,
601,root,milligramme,,,,,,,,,,,,,,,,,,Oxford Advanced  Learner's Dictionary 8th Edition,
602,root,programme,,,,,,,,,,,,,,,,,,Oxford Advanced  Learner's Dictionary 8th Edition,
603,root,reflexion,,,,,,,,,,,,,,,,,,Oxford Advanced  Learner's Dictionary 8th Edition,
604,root,bn,,,,,,,,,,,,,,,,,,Oxford Advanced  Learner's Dictionary 8th Edition,
605,phrase,boarding card,,,,,,,,,,,,,,,,,,Oxford Advanced  Learner's Dictionary 8th Edition,
606,phrase,boarding cards,,,,,,,,,,,,,,,,,,Oxford Advanced  Learner's Dictionary 8th Edition,
607,phrase,kirby grip,,,,,,,,,,,,,,,,,,Oxford Advanced  Learner's Dictionary 8th Edition,
608,phrase,kirby grips,,,,,,,,,,,,,,,,,,Oxford Advanced  Learner's Dictionary 8th Edition,
609,phrase,body warmer,,,,,,,,,,,,,,,,,,Oxford Advanced  Learner's Dictionary 8th Edition,
610,phrase,body warmers,,,,,,,,,,,,,,,,,,Oxford Advanced  Learner's Dictionary 8th Edition,
611,root,boffin,,,,,,,,,,,,,,,,,,Oxford Advanced  Learner's Dictionary 8th Edition,
612,root,bogey,,,,,,,,,,,,,,,,,,Oxford Advanced  Learner's Dictionary 8th Edition,
613,root,bogy,,,,,,,,,,,,,,,,,,Oxford Advanced  Learner's Dictionary 8th Edition,
614,root,BOGOF,,,,,,,,,,,,,,,,,,Oxford Advanced  Learner's Dictionary 8th Edition,
615,root,bog-standard,,,,,,,,,,,,,,,,,,Oxford Advanced  Learner's Dictionary 8th Edition,
616,phrase,boiler suit,,,,,,,,,,,,,,,,,,Oxford Advanced  Learner's Dictionary 8th Edition,
617,phrase,boiler suits,,,,,,,,,,,,,,,,,,Oxford Advanced  Learner's Dictionary 8th Edition,
618,root,bollocking,,,,,,,,,,,,,,,,,,Oxford Advanced  Learner's Dictionary 8th Edition,
619,root,bollocs,,,,,,,,,,,,,,,,,,Oxford Advanced  Learner's Dictionary 8th Edition,
620,root,bolshie,,,,,,,,,,,,,,,,,,Oxford Advanced  Learner's Dictionary 8th Edition,
621,root,bolshy,,,,,,,,,,,,,,,,,,Oxford Advanced  Learner's Dictionary 8th Edition,
622,root,bolt-hole,,,,,,,,,,,,,,,,,,Oxford Advanced  Learner's Dictionary 8th Edition,
623,phrase,bomb alert,,,,,,,,,,,,,,,,,,Oxford Advanced  Learner's Dictionary 8th Edition,
624,phrase,bomb alerts,,,,,,,,,,,,,,,,,,Oxford Advanced  Learner's Dictionary 8th Edition,
625,root,bonce,,,,,,,,,,,,,,,,,,Oxford Advanced  Learner's Dictionary 8th Edition,
626,phrase,bonded warehouse,,,,,,,,,,,,,,,,,,Oxford Advanced  Learner's Dictionary 8th Edition,
627,phrase,bonded warehouses,,,,,,,,,,,,,,,,,,Oxford Advanced  Learner's Dictionary 8th Edition,
628,phrase,bone idle,,,,,,,,,,,,,,,,,,Oxford Advanced  Learner's Dictionary 8th Edition,
629,phrase,bone shaker,,,,,,,,,,,,,,,,,,Oxford Advanced  Learner's Dictionary 8th Edition,
630,phrase,bone shakers,,,,,,,,,,,,,,,,,,Oxford Advanced  Learner's Dictionary 8th Edition,
631,root,bonkbuster,,,,,,,,,,,,,,,,,,Oxford Advanced  Learner's Dictionary 8th Edition,
632,phrase,booking office,,,,,,,,,,,,,,,,,,Oxford Advanced  Learner's Dictionary 8th Edition,
633,phrase,booking offices,,,,,,,,,,,,,,,,,,Oxford Advanced  Learner's Dictionary 8th Edition,
634,phrase,mobile library,,,,,,,,,,,,,,,,,,Oxford Advanced  Learner's Dictionary 8th Edition,
635,phrase,mobile libraries,,,,,,,,,,,,,,,,,,Oxford Advanced  Learner's Dictionary 8th Edition,
636,phrase,book token,,,,,,,,,,,,,,,,,,Oxford Advanced  Learner's Dictionary 8th Edition,
637,phrase,book tokens,,,,,,,,,,,,,,,,,,Oxford Advanced  Learner's Dictionary 8th Edition,
638,root,bootboy,,,,,,,,,,,,,,,,,,Oxford Advanced  Learner's Dictionary 8th Edition,
639,root,booze-up,,,,,,,,,,,,,,,,,,Oxford Advanced  Learner's Dictionary 8th Edition,
640,phrase,bottle bank,,,,,,,,,,,,,,,,,,Oxford Advanced  Learner's Dictionary 8th Edition,
641,phrase,bottle banks,,,,,,,,,,,,,,,,,,Oxford Advanced  Learner's Dictionary 8th Edition,
642,root,bottle-green,,,,,,,,,,,,,,,,,,Oxford Advanced  Learner's Dictionary 8th Edition,
643,phrase,bottle party,,,,,,,,,,,,,,,,,,Oxford Advanced  Learner's Dictionary 8th Edition,
644,phrase,bottle parties,,,,,,,,,,,,,,,,,,Oxford Advanced  Learner's Dictionary 8th Edition,
645,phrase,bottom drawer,,,,,,,,,,,,,,,,,,Oxford Advanced  Learner's Dictionary 8th Edition,
646,phrase,bottom drawers,,,,,,,,,,,,,,,,,,Oxford Advanced  Learner's Dictionary 8th Edition,
647,root,bouncebackability,,,,,,,,,,,,,,,,,,Oxford Advanced  Learner's Dictionary 8th Edition,
648,phrase,bouncy castle,,,,,,,,,,,,,,,,,,Oxford Advanced  Learner's Dictionary 8th Edition,
649,phrase,bouncy castles,,,,,,,,,,,,,,,,,,Oxford Advanced  Learner's Dictionary 8th Edition,
650,root,bounder,,,,,,,,,,,,,,,,,,Oxford Advanced  Learner's Dictionary 8th Edition,
651,root,bowser,,,,,,,,,,,,,,,,,,Oxford Advanced  Learner's Dictionary 8th Edition,
652,root,Boxercise,,,,,,,,,,,,,,,,,,Oxford Advanced  Learner's Dictionary 8th Edition,
653,phrase,Boxing Day,,,,,,,,,,,,,,,,,,Oxford Advanced  Learner's Dictionary 8th Edition,
654,phrase,Boxing Days,,,,,,,,,,,,,,,,,,Oxford Advanced  Learner's Dictionary 8th Edition,
655,phrase,box junction,,,,,,,,,,,,,,,,,,Oxford Advanced  Learner's Dictionary 8th Edition,
656,phrase,box junctions,,,,,,,,,,,,,,,,,,Oxford Advanced  Learner's Dictionary 8th Edition,
657,phrase,box room,,,,,,,,,,,,,,,,,,Oxford Advanced  Learner's Dictionary 8th Edition,
658,phrase,box rooms,,,,,,,,,,,,,,,,,,Oxford Advanced  Learner's Dictionary 8th Edition,
659,root,boyf,,,,,,,,,,,,,,,,,,Oxford Advanced  Learner's Dictionary 8th Edition,
660,phrase,boy racer,,,,,,,,,,,,,,,,,,Oxford Advanced  Learner's Dictionary 8th Edition,
661,phrase,boy racers,,,,,,,,,,,,,,,,,,Oxford Advanced  Learner's Dictionary 8th Edition,
662,phrase,toy boy,,,,,,,,,,,,,,,,,,Oxford Advanced  Learner's Dictionary 8th Edition,
663,phrase,toy boys,,,,,,,,,,,,,,,,,,Oxford Advanced  Learner's Dictionary 8th Edition,
664,root,brainbox,,,,,,,,,,,,,,,,,,Oxford Advanced  Learner's Dictionary 8th Edition,
665,phrase,brandy snap,,,,,,,,,,,,,,,,,,Oxford Advanced  Learner's Dictionary 8th Edition,
666,phrase,brandy snaps,,,,,,,,,,,,,,,,,,Oxford Advanced  Learner's Dictionary 8th Edition,
667,phrase,bran tub,,,,,,,,,,,,,,,,,,Oxford Advanced  Learner's Dictionary 8th Edition,
668,phrase,bran tubs,,,,,,,,,,,,,,,,,,Oxford Advanced  Learner's Dictionary 8th Edition,
669,phrase,brassed off,,,,,,,,,,,,,,,,,,Oxford Advanced  Learner's Dictionary 8th Edition,
670,phrase,bread bin,,,,,,,,,,,,,,,,,,Oxford Advanced  Learner's Dictionary 8th Edition,
671,phrase,bread bins,,,,,,,,,,,,,,,,,,Oxford Advanced  Learner's Dictionary 8th Edition,
672,phrase,break time,,,,,,,,,,,,,,,,,,Oxford Advanced  Learner's Dictionary 8th Edition,
673,root,brownfield,,,,,,,,,,,,,,,,,,Oxford Advanced  Learner's Dictionary 8th Edition,
674,root,Brummie,,,,,,,,,,,,,,,,,,Oxford Advanced  Learner's Dictionary 8th Edition,
675,phrase,bucket shop,,,,,,,,,,,,,,,,,,Oxford Advanced  Learner's Dictionary 8th Edition,
676,phrase,bucket shops,,,,,,,,,,,,,,,,,,Oxford Advanced  Learner's Dictionary 8th Edition,
677,phrase,Buck House,,,,,,,,,,,,,,,,,,Oxford Advanced  Learner's Dictionary 8th Edition,
678,phrase,Buck's Fizz,,,,,,,,,,,,,,,,,,Oxford Advanced  Learner's Dictionary 8th Edition,
679,phrase,budget account,,,,,,,,,,,,,,,,,,Oxford Advanced  Learner's Dictionary 8th Edition,
680,phrase,budget accounts,,,,,,,,,,,,,,,,,,Oxford Advanced  Learner's Dictionary 8th Edition,
681,root,budgerigar,,,,,,,,,,,,,,,,,,Oxford Advanced  Learner's Dictionary 8th Edition,
682,root,budgie,,,,,,,,,,,,,,,,,,Oxford Advanced  Learner's Dictionary 8th Edition,
683,root,bugger,,,,,,,,,,,,,,,,,,Oxford Advanced  Learner's Dictionary 8th Edition,
684,root,buggery,,,,,,,,,,,,,,,,,,Oxford Advanced  Learner's Dictionary 8th Edition,
685,root,WPC,,,,,,,,,,,,,,,,,,Oxford Advanced  Learner's Dictionary 8th Edition,
686,root,cooee,,,,,,,,,,,,,,,,,,Oxford Advanced  Learner's Dictionary 8th Edition,
687,phrase,Buggins' turn,,,,,,,,,,,,,,,,,,Oxford Advanced  Learner's Dictionary 8th Edition,
688,root,buggy,,,,,,,,,,,,,,,,,,Oxford Advanced  Learner's Dictionary 8th Edition,
689,phrase,baby buggy,,,,,,,,,,,,,,,,,,Oxford Advanced  Learner's Dictionary 8th Edition,
690,phrase,baby buggies,,,,,,,,,,,,,,,,,,Oxford Advanced  Learner's Dictionary 8th Edition,
691,phrase,building society,,,,,,,,,,,,,,,,,,Oxford Advanced  Learner's Dictionary 8th Edition,
692,phrase,building societies,,,,,,,,,,,,,,,,,,Oxford Advanced  Learner's Dictionary 8th Edition,
693,root,built-up,,,,,,,,,,,,,,,,,,Oxford Advanced  Learner's Dictionary 8th Edition,
694,phrase,bull bars,,,,,,,,,,,,,,,,,,Oxford Advanced  Learner's Dictionary 8th Edition,
695,phrase,Bulldog clip,,,,,,,,,,,,,,,,,,Oxford Advanced  Learner's Dictionary 8th Edition,
696,phrase,Bulldog clips,,,,,,,,,,,,,,,,,,Oxford Advanced  Learner's Dictionary 8th Edition,
697,phrase,bully boy,,,,,,,,,,,,,,,,,,Oxford Advanced  Learner's Dictionary 8th Edition,
698,phrase,bully boys,,,,,,,,,,,,,,,,,,Oxford Advanced  Learner's Dictionary 8th Edition,
699,root,bumbag,,,,,,,,,,,,,,,,,,Oxford Advanced  Learner's Dictionary 8th Edition,
700,root,dodgem,,,,,,,,,,,,,,,,,,Oxford Advanced  Learner's Dictionary 8th Edition,
701,phrase,dodgem car,,,,,,,,,,,,,,,,,,Oxford Advanced  Learner's Dictionary 8th Edition,
702,phrase,dodgem cars,,,,,,,,,,,,,,,,,,Oxford Advanced  Learner's Dictionary 8th Edition,
703,root,bunfight,,,,,,,,,,,,,,,,,,Oxford Advanced  Learner's Dictionary 8th Edition,
704,phrase,nursery slope,,,,,,,,,,,,,,,,,,Oxford Advanced  Learner's Dictionary 8th Edition,
705,phrase,nursery slopes,,,,,,,,,,,,,,,,,,Oxford Advanced  Learner's Dictionary 8th Edition,
706,phrase,club class,,,,,,,,,,,,,,,,,,Oxford Advanced  Learner's Dictionary 8th Edition,
707,root,buttoned-up,,,,,,,,,,,,,,,,,,Oxford Advanced  Learner's Dictionary 8th Edition,
708,phrase,button lift,,,,,,,,,,,,,,,,,,Oxford Advanced  Learner's Dictionary 8th Edition,
709,phrase,button lifts,,,,,,,,,,,,,,,,,,Oxford Advanced  Learner's Dictionary 8th Edition,
710,root,Poma,,,,,,,,,,,,,,,,,,Oxford Advanced  Learner's Dictionary 8th Edition,
711,root,by-election,,,,,,,,,,,,,,,,,,Oxford Advanced  Learner's Dictionary 8th Edition,
712,root,cack,,,,,,,,,,,,,,,,,,Oxford Advanced  Learner's Dictionary 8th Edition,
713,root,cack-handed,,,,,,,,,,,,,,,,,,Oxford Advanced  Learner's Dictionary 8th Edition,
714,root,cadge,,,,,,,,,,,,,,,,,,Oxford Advanced  Learner's Dictionary 8th Edition,
715,root,cafetière,,,,,,,,,,,,,,,,,,Oxford Advanced  Learner's Dictionary 8th Edition,
716,root,caff,,,,,,,,,,,,,,,,,,Oxford Advanced  Learner's Dictionary 8th Edition,
717,root,cagoule,,,,,,,,,,,,,,,,,,Oxford Advanced  Learner's Dictionary 8th Edition,
718,root,kagoul,,,,,,,,,,,,,,,,,,Oxford Advanced  Learner's Dictionary 8th Edition,
719,root,call-up,,,,,,,,,,,,,,,,,,Oxford Advanced  Learner's Dictionary 8th Edition,
720,phrase,camp bed,,,,,,,,,,,,,,,,,,Oxford Advanced  Learner's Dictionary 8th Edition,
721,phrase,camp beds,,,,,,,,,,,,,,,,,,Oxford Advanced  Learner's Dictionary 8th Edition,
722,phrase,camping site,,,,,,,,,,,,,,,,,,Oxford Advanced  Learner's Dictionary 8th Edition,
723,phrase,camping sites,,,,,,,,,,,,,,,,,,Oxford Advanced  Learner's Dictionary 8th Edition,
724,root,canalise,,,,,,,,,,,,,,,,,,Oxford Advanced  Learner's Dictionary 8th Edition,
725,root,canalisation,,,,,,,,,,,,,,,,,,Oxford Advanced  Learner's Dictionary 8th Edition,
726,root,candidature,,,,,,,,,,,,,,,,,,Oxford Advanced  Learner's Dictionary 8th Edition,
727,root,cannibalise,,,,,,,,,,,,,,,,,,Oxford Advanced  Learner's Dictionary 8th Edition,
728,root,canonise,,,,,,,,,,,,,,,,,,Oxford Advanced  Learner's Dictionary 8th Edition,
729,phrase,canteen of cutlery,,,,,,,,,,,,,,,,,,Oxford Advanced  Learner's Dictionary 8th Edition,
730,phrase,canteen of cutleries,,,,,,,,,,,,,,,,,,Oxford Advanced  Learner's Dictionary 8th Edition,
731,phrase,canteen culture,,,,,,,,,,,,,,,,,,Oxford Advanced  Learner's Dictionary 8th Edition,
732,phrase,car boot sale,,,,,,,,,,,,,,,,,,Oxford Advanced  Learner's Dictionary 8th Edition,
733,phrase,car boot sales,,,,,,,,,,,,,,,,,,Oxford Advanced  Learner's Dictionary 8th Edition,
734,root,cardphone,,,,,,,,,,,,,,,,,,Oxford Advanced  Learner's Dictionary 8th Edition,
735,phrase,care assistant,,,,,,,,,,,,,,,,,,Oxford Advanced  Learner's Dictionary 8th Edition,
736,phrase,care assistants,,,,,,,,,,,,,,,,,,Oxford Advanced  Learner's Dictionary 8th Edition,
737,phrase,care home,,,,,,,,,,,,,,,,,,Oxford Advanced  Learner's Dictionary 8th Edition,
738,phrase,care homes,,,,,,,,,,,,,,,,,,Oxford Advanced  Learner's Dictionary 8th Edition,
739,phrase,care worker,,,,,,,,,,,,,,,,,,Oxford Advanced  Learner's Dictionary 8th Edition,
740,phrase,care workers,,,,,,,,,,,,,,,,,,Oxford Advanced  Learner's Dictionary 8th Edition,
741,phrase,carpet slipper,,,,,,,,,,,,,,,,,,Oxford Advanced  Learner's Dictionary 8th Edition,
742,phrase,carpet slippers,,,,,,,,,,,,,,,,,,Oxford Advanced  Learner's Dictionary 8th Edition,
743,root,carriageway,,,,,,,,,,,,,,,,,,Oxford Advanced  Learner's Dictionary 8th Edition,
744,phrase,cartridge paper,,,,,,,,,,,,,,,,,,Oxford Advanced  Learner's Dictionary 8th Edition,
745,phrase,cartridge papers,,,,,,,,,,,,,,,,,,Oxford Advanced  Learner's Dictionary 8th Edition,
746,phrase,cart track,,,,,,,,,,,,,,,,,,Oxford Advanced  Learner's Dictionary 8th Edition,
747,phrase,cart tracks,,,,,,,,,,,,,,,,,,Oxford Advanced  Learner's Dictionary 8th Edition,
748,root,carve-up,,,,,,,,,,,,,,,,,,Oxford Advanced  Learner's Dictionary 8th Edition,
749,root,caseworker,,,,,,,,,,,,,,,,,,Oxford Advanced  Learner's Dictionary 8th Edition,
750,phrase,cash desk,,,,,,,,,,,,,,,,,,Oxford Advanced  Learner's Dictionary 8th Edition,
751,phrase,cash desks,,,,,,,,,,,,,,,,,,Oxford Advanced  Learner's Dictionary 8th Edition,
752,phrase,cash dispenser,,,,,,,,,,,,,,,,,,Oxford Advanced  Learner's Dictionary 8th Edition,
753,phrase,cash dispensers,,,,,,,,,,,,,,,,,,Oxford Advanced  Learner's Dictionary 8th Edition,
754,root,categorisation,,,,,,,,,,,,,,,,,,Oxford Advanced  Learner's Dictionary 8th Edition,
755,root,catmint,,,,,,,,,,,,,,,,,,Oxford Advanced  Learner's Dictionary 8th Edition,
756,root,cattery,,,,,,,,,,,,,,,,,,Oxford Advanced  Learner's Dictionary 8th Edition,
757,phrase,cattle plague,,,,,,,,,,,,,,,,,,Oxford Advanced  Learner's Dictionary 8th Edition,
758,root,cauterise,,,,,,,,,,,,,,,,,,Oxford Advanced  Learner's Dictionary 8th Edition,
759,root,caver,,,,,,,,,,,,,,,,,,Oxford Advanced  Learner's Dictionary 8th Edition,
760,root,caving,,,,,,,,,,,,,,,,,,Oxford Advanced  Learner's Dictionary 8th Edition,
761,inflection,,,quarreled,,,,,,,,,,,,,,,,Oxford Advanced  Learner's Dictionary 8th Edition,
762,inflection,,,quarreling,,,,,,,,,,,,,,,,Oxford Advanced  Learner's Dictionary 8th Edition,
763,inflection,,,canceled,,,,,,,,,,,,,,,,Oxford Advanced  Learner's Dictionary 8th Edition,
764,inflection,,,canceling,,,,,,,,,,,,,,,,Oxford Advanced  Learner's Dictionary 8th Edition,
765,inflection,,,caroled,,,,,,,,,,,,,,,,Oxford Advanced  Learner's Dictionary 8th Edition,
766,inflection,,,caroling,,,,,,,,,,,,,,,,Oxford Advanced  Learner's Dictionary 8th Edition,
767,inflection,,,channeled,,,,,,,,,,,,,,,,Oxford Advanced  Learner's Dictionary 8th Edition,
768,inflection,,,channeling,,,,,,,,,,,,,,,,Oxford Advanced  Learner's Dictionary 8th Edition,
769,inflection,chiselled,,chiseled,,,,,,,,,,,,,,,,Oxford Advanced  Learner's Dictionary 8th Edition,
770,inflection,,,chiseling,,,,,,,,,,,,,,,,Oxford Advanced  Learner's Dictionary 8th Edition,
771,root,,,chiseler,,,,,,,,,,,,,,,,Oxford Advanced  Learner's Dictionary 8th Edition,
772,inflection,,,corrals,,,,,,,,,,,,,,,,Oxford Advanced  Learner's Dictionary 8th Edition,
773,inflection,,,corraled,,,,,,,,,,,,,,,,Oxford Advanced  Learner's Dictionary 8th Edition,
774,inflection,,,corraling,,,,,,,,,,,,,,,,Oxford Advanced  Learner's Dictionary 8th Edition,
775,inflection,,,counseled,,,,,,,,,,,,,,,,Oxford Advanced  Learner's Dictionary 8th Edition,
776,inflection,,,counseling,,,,,,,,,,,,,,,,Oxford Advanced  Learner's Dictionary 8th Edition,
777,inflection,,credentialed,,,,,,,,,,,,,,,,,Oxford Advanced  Learner's Dictionary 8th Edition,
778,inflection,,credentialing,,,,,,,,,,,,,,,,,Oxford Advanced  Learner's Dictionary 8th Edition,
779,root,,,crenelated,,,,,,,,,,,,,,,,Oxford Advanced  Learner's Dictionary 8th Edition,
780,inflection,cudgelled,cudgeled,,,,,,,,,,,,,,,,,Oxford Advanced  Learner's Dictionary 8th Edition,
781,inflection,cudgelling,cudgeling,,,,,,,,,,,,,,,,,Oxford Advanced  Learner's Dictionary 8th Edition,
782,inflection,,decontrolled,,,,,,,,,,,,,,,,,Oxford Advanced  Learner's Dictionary 8th Edition,
783,inflection,,decontrolling,,,,,,,,,,,,,,,,,Oxford Advanced  Learner's Dictionary 8th Edition,
784,inflection,,,disemboweled,,,,,,,,,,,,,,,,Oxford Advanced  Learner's Dictionary 8th Edition,
785,inflection,,,disemboweling,,,,,,,,,,,,,,,,Oxford Advanced  Learner's Dictionary 8th Edition,
786,root,dishevelled,disheveled,,,,,,,,,,,,,,,,,Oxford Advanced  Learner's Dictionary 8th Edition,
787,root,,,enameled,,,,,,,,,,,,,,,,Oxford Advanced  Learner's Dictionary 8th Edition,
788,root,dowelling,,doweling,,,,,,,,,,,,,,,,Oxford Advanced  Learner's Dictionary 8th Edition,
789,root,,,enamored,,,,,,,,,,,,,,,,Oxford Advanced  Learner's Dictionary 8th Edition,
790,inflection,,,funneled,,,,,,,,,,,,,,,,Oxford Advanced  Learner's Dictionary 8th Edition,
791,inflection,,,funneling,,,,,,,,,,,,,,,,Oxford Advanced  Learner's Dictionary 8th Edition,
792,inflection,,,gamboled,,,,,,,,,,,,,,,,Oxford Advanced  Learner's Dictionary 8th Edition,
793,inflection,,,gamboling,,,,,,,,,,,,,,,,Oxford Advanced  Learner's Dictionary 8th Edition,
794,inflection,,,caviled,,,,,,,,,,,,,,,,Oxford Advanced  Learner's Dictionary 8th Edition,
795,inflection,,,caviling,,,,,,,,,,,,,,,,Oxford Advanced  Learner's Dictionary 8th Edition,
796,root,,doghouse,,,,,,,,,,,,,,,,,Oxford Advanced  Learner's Dictionary 8th Edition,
797,root,,,graveled,,,,,,,,,,,,,,,,Oxford Advanced  Learner's Dictionary 8th Edition,
798,inflection,,,groveled,,,,,,,,,,,,,,,,Oxford Advanced  Learner's Dictionary 8th Edition,
799,inflection,,,groveling,,,,,,,,,,,,,,,,Oxford Advanced  Learner's Dictionary 8th Edition,
800,inflection,,,imperiled,,,,,,,,,,,,,,,,Oxford Advanced  Learner's Dictionary 8th Edition,
801,inflection,,,imperiling,,,,,,,,,,,,,,,,Oxford Advanced  Learner's Dictionary 8th Edition,
802,inflection,,,initialed,,,,,,,,,,,,,,,,Oxford Advanced  Learner's Dictionary 8th Edition,
803,inflection,,,initialing,,,,,,,,,,,,,,,,Oxford Advanced  Learner's Dictionary 8th Edition,
804,inflection,,,leveled,,,,,,,,,,,,,,,,Oxford Advanced  Learner's Dictionary 8th Edition,
805,inflection,,,leveling,,,,,,,,,,,,,,,,Oxford Advanced  Learner's Dictionary 8th Edition,
806,inflection,,,libeled,,,,,,,,,,,,,,,,Oxford Advanced  Learner's Dictionary 8th Edition,
807,inflection,,,libeling,,,,,,,,,,,,,,,,Oxford Advanced  Learner's Dictionary 8th Edition,
808,inflection,,,marveled,,,,,,,,,,,,,,,,Oxford Advanced  Learner's Dictionary 8th Edition,
809,inflection,,,marveling,,,,,,,,,,,,,,,,Oxford Advanced  Learner's Dictionary 8th Edition,
810,inflection,,,medaled,,,,,,,,,,,,,,,,Oxford Advanced  Learner's Dictionary 8th Edition,
811,inflection,,,medaling,,,,,,,,,,,,,,,,Oxford Advanced  Learner's Dictionary 8th Edition,
812,inflection,,,paneled,,,,,,,,,,,,,,,,Oxford Advanced  Learner's Dictionary 8th Edition,
813,inflection,,,paneling,,,,,,,,,,,,,,,,Oxford Advanced  Learner's Dictionary 8th Edition,
814,inflection,parcelled,,parceled,,,,,,,,,,,,,,,,Oxford Advanced  Learner's Dictionary 8th Edition,
815,inflection,parcelling,,parceling,,,,,,,,,,,,,,,,Oxford Advanced  Learner's Dictionary 8th Edition,
816,inflection,,,pedaled,,,,,,,,,,,,,,,,Oxford Advanced  Learner's Dictionary 8th Edition,
817,inflection,,,pedaling,,,,,,,,,,,,,,,,Oxford Advanced  Learner's Dictionary 8th Edition,
818,inflection,,,penciled,,,,,,,,,,,,,,,,Oxford Advanced  Learner's Dictionary 8th Edition,
819,inflection,,,penciling,,,,,,,,,,,,,,,,Oxford Advanced  Learner's Dictionary 8th Edition,
820,root,postie,,,,,,,,,,,,,,,,,,Oxford Advanced  Learner's Dictionary 8th Edition,
821,inflection,,,pummeled,,,,,,,,,,,,,,,,Oxford Advanced  Learner's Dictionary 8th Edition,
822,inflection,,,pummeling,,,,,,,,,,,,,,,,Oxford Advanced  Learner's Dictionary 8th Edition,
823,inflection,,,raveled,,,,,,,,,,,,,,,,Oxford Advanced  Learner's Dictionary 8th Edition,
824,inflection,,,raveling,,,,,,,,,,,,,,,,Oxford Advanced  Learner's Dictionary 8th Edition,
825,inflection,,,refueled,,,,,,,,,,,,,,,,Oxford Advanced  Learner's Dictionary 8th Edition,
826,inflection,,,refueling,,,,,,,,,,,,,,,,Oxford Advanced  Learner's Dictionary 8th Edition,
827,inflection,,,remodeled,,,,,,,,,,,,,,,,Oxford Advanced  Learner's Dictionary 8th Edition,
828,inflection,,,remodeling,,,,,,,,,,,,,,,,Oxford Advanced  Learner's Dictionary 8th Edition,
829,root,,remold,,,,,,,,,,,,,,,,,Oxford Advanced  Learner's Dictionary 8th Edition,
830,inflection,,,reveled,,,,,,,,,,,,,,,,Oxford Advanced  Learner's Dictionary 8th Edition,
831,inflection,,,reveling,,,,,,,,,,,,,,,,Oxford Advanced  Learner's Dictionary 8th Edition,
832,inflection,,rivaled,,,,,,,,,,,,,,,,,Oxford Advanced  Learner's Dictionary 8th Edition,
833,inflection,,rivaling,,,,,,,,,,,,,,,,,Oxford Advanced  Learner's Dictionary 8th Edition,
834,inflection,,,shoveled,,,,,,,,,,,,,,,,Oxford Advanced  Learner's Dictionary 8th Edition,
835,inflection,,,shoveling,,,,,,,,,,,,,,,,Oxford Advanced  Learner's Dictionary 8th Edition,
836,inflection,,,shriveled,,,,,,,,,,,,,,,,Oxford Advanced  Learner's Dictionary 8th Edition,
837,inflection,,,shriveling,,,,,,,,,,,,,,,,Oxford Advanced  Learner's Dictionary 8th Edition,
838,inflection,,,signaled,,,,,,,,,,,,,,,,Oxford Advanced  Learner's Dictionary 8th Edition,
839,inflection,,,signaling,,,,,,,,,,,,,,,,Oxford Advanced  Learner's Dictionary 8th Edition,
840,inflection,,,sniveled,,,,,,,,,,,,,,,,Oxford Advanced  Learner's Dictionary 8th Edition,
841,inflection,,,sniveling,,,,,,,,,,,,,,,,Oxford Advanced  Learner's Dictionary 8th Edition,
842,inflection,,spiraled,,,,,,,,,,,,,,,,,Oxford Advanced  Learner's Dictionary 8th Edition,
843,inflection,,spiraling,,,,,,,,,,,,,,,,,Oxford Advanced  Learner's Dictionary 8th Edition,
844,inflection,,,squirreled,,,,,,,,,,,,,,,,Oxford Advanced  Learner's Dictionary 8th Edition,
845,inflection,,,squirreling,,,,,,,,,,,,,,,,Oxford Advanced  Learner's Dictionary 8th Edition,
846,inflection,,stenciled,,,,,,,,,,,,,,,,,Oxford Advanced  Learner's Dictionary 8th Edition,
847,inflection,,stenciling,,,,,,,,,,,,,,,,,Oxford Advanced  Learner's Dictionary 8th Edition,
848,inflection,,,swiveled,,,,,,,,,,,,,,,,Oxford Advanced  Learner's Dictionary 8th Edition,
849,inflection,,,swiveling,,,,,,,,,,,,,,,,Oxford Advanced  Learner's Dictionary 8th Edition,
850,root,tasselled,,tasseled,,,,,,,,,,,,,,,,Oxford Advanced  Learner's Dictionary 8th Edition,
851,root,teaset,,,,,,,,,,,,,,,,,,Oxford Advanced  Learner's Dictionary 8th Edition,
852,inflection,,,totaled,,,,,,,,,,,,,,,,Oxford Advanced  Learner's Dictionary 8th Edition,
853,inflection,,,totaling,,,,,,,,,,,,,,,,Oxford Advanced  Learner's Dictionary 8th Edition,
854,inflection,,toweled,,,,,,,,,,,,,,,,,Oxford Advanced  Learner's Dictionary 8th Edition,
855,inflection,,toweling,,,,,,,,,,,,,,,,,Oxford Advanced  Learner's Dictionary 8th Edition,
856,inflection,,,trammeled,,,,,,,,,,,,,,,,Oxford Advanced  Learner's Dictionary 8th Edition,
857,inflection,,,trammeling,,,,,,,,,,,,,,,,Oxford Advanced  Learner's Dictionary 8th Edition,
858,inflection,trialled,,trialed,,,,,,,,,,,,,,,,Oxford Advanced  Learner's Dictionary 8th Edition,
859,inflection,trialling,,trialing,,,,,,,,,,,,,,,,Oxford Advanced  Learner's Dictionary 8th Edition,
860,root,,tryout,,,,,,,,,,,,,,,,,Oxford Advanced  Learner's Dictionary 8th Edition,
861,inflection,,tunneled,,,,,,,,,,,,,,,,,Oxford Advanced  Learner's Dictionary 8th Edition,
862,inflection,,tunneling,,,,,,,,,,,,,,,,,Oxford Advanced  Learner's Dictionary 8th Edition,
863,inflection,,,unraveled,,,,,,,,,,,,,,,,Oxford Advanced  Learner's Dictionary 8th Edition,
864,inflection,,,unraveling,,,,,,,,,,,,,,,,Oxford Advanced  Learner's Dictionary 8th Edition,
865,root,victualler,,,,,,,,,,,,,,,,,,Oxford Advanced  Learner's Dictionary 8th Edition,
866,inflection,,,yodeled,,,,,,,,,,,,,,,,Oxford Advanced  Learner's Dictionary 8th Edition,
867,inflection,,,yodeling,,,,,,,,,,,,,,,,Oxford Advanced  Learner's Dictionary 8th Edition,
868,root,,,,,cashed up,,,,,,,,,,,,,,Oxford Advanced  Learner's Dictionary 8th Edition,
869,root,cashpoint,,,ABM,,,,,,,,,,,,,,,Oxford Advanced  Learner's Dictionary 8th Edition,
870,root,,carry-out,,,,,carry-out,,,,,,,,,,,,Oxford Advanced  Learner's Dictionary 8th Edition,
871,root,caravanserai,,caravansary,,,,,,,,,,,,,,,,Oxford Advanced  Learner's Dictionary 8th Edition,
872,root,,,candor,,,,,,,,,,,,,,,,Oxford Advanced  Learner's Dictionary 8th Edition,
873,root,,,,,,,,,,,,broer,,,,,,,Oxford Advanced  Learner's Dictionary 8th Edition,
874,root,TEFL,,,,,,,,,,,,,,,,,,Oxford Advanced  Learner's Dictionary 8th Edition,
875,root,teetotaller,teetotaler,,,,,,,,,,,,,,,,,Oxford Advanced  Learner's Dictionary 8th Edition,
876,root,,,,,wowser,wowser,,,,,,,,,,,,,Oxford Advanced  Learner's Dictionary 8th Edition,
877,root,,,,,,,,,buibui,,,,,,,,,,Oxford Advanced  Learner's Dictionary 8th Edition,
878,inflection,bunged,,,,,,,,,,,,,,,,,,Oxford Advanced  Learner's Dictionary 8th Edition,
879,inflection,bunging,,,,,,,,,,,,,,,,,,Oxford Advanced  Learner's Dictionary 8th Edition,
880,root,bungalow,,,,,,,,,,,,,,,,,,Oxford Advanced  Learner's Dictionary 8th Edition,
881,root,,,,,bunyip,,,,,,,,,,,,,,Oxford Advanced  Learner's Dictionary 8th Edition,
882,root,,,,,,,,,,,,bupie,,,,,,,Oxford Advanced  Learner's Dictionary 8th Edition,
883,root,,,,,,,,,,,,buppy,,,,,,,Oxford Advanced  Learner's Dictionary 8th Edition,
884,root,,,,,,,burgh,,,,,,,,,,,,Oxford Advanced  Learner's Dictionary 8th Edition,
885,root,,,,,,,,,,,bushfowl,,,,,,,,Oxford Advanced  Learner's Dictionary 8th Edition,
886,root,,,,,bushranger,bushranger,,,,,,,,,,,,,Oxford Advanced  Learner's Dictionary 8th Edition,
887,root,caluldron,,caldron,,,,,,,,,,,,,,,,Oxford Advanced  Learner's Dictionary 8th Edition,
888,root,,,caliber,,,,,,,,,,,,,,,,Oxford Advanced  Learner's Dictionary 8th Edition,
889,root,,,center,,,,,,,,,,,,,,,,Oxford Advanced  Learner's Dictionary 8th Edition,
890,root,,,,,,,bridie,,,,,,,,,,,,Oxford Advanced  Learner's Dictionary 8th Edition,
891,root,aerodrome,,airdrome,,,,,,,,,,,,,,,,Oxford Advanced  Learner's Dictionary 8th Edition,
892,root,decametre,,decameter,,,,,,,,,,,,,,,,Oxford Advanced  Learner's Dictionary 8th Edition,
893,root,,,dekameter,,,,,,,,,,,,,,,,Oxford Advanced  Learner's Dictionary 8th Edition,
894,root,,,analog,,,,,,,,,,,,,,,,Oxford Advanced  Learner's Dictionary 8th Edition,
895,root,,,catalog,,,,,,,,,,,,,,,,Oxford Advanced  Learner's Dictionary 8th Edition,
896,root,,,dialog,,,,,,,,,,,,,,,,Oxford Advanced  Learner's Dictionary 8th Edition,
897,root,,,epilog,,,,,,,,,,,,,,,,Oxford Advanced  Learner's Dictionary 8th Edition,
898,root,,,homolog,,,,,,,,,,,,,,,,Oxford Advanced  Learner's Dictionary 8th Edition,
899,root,,,prolog,,,,,,,,,,,,,,,,Oxford Advanced  Learner's Dictionary 8th Edition,
900,phrase,,,breakdown lane,,,,,,,,,,,,,,,,Oxford Advanced  Learner's Dictionary 8th Edition,
901,phrase,,,breakdown lanes,,,,,,,,,,,,,,,,Oxford Advanced  Learner's Dictionary 8th Edition,
902,phrase,hard shoulder,,,,,,,,,,,,,,,,,,Oxford Advanced  Learner's Dictionary 8th Edition,
903,phrase,hard shoulders,,,,,,,,,,,,,,,,,,Oxford Advanced  Learner's Dictionary 8th Edition,
904,root,,,,,,,braw,,,,,,,,,,,,Oxford Advanced  Learner's Dictionary 8th Edition,
905,root,,,,,,,brae,,,,,,,,,,,,Oxford Advanced  Learner's Dictionary 8th Edition,
906,root,,,,,,,,,,,,braaivleis,,,,,,,Oxford Advanced  Learner's Dictionary 8th Edition,
907,root,,,,,,,,,,,,braai,,,,,,,Oxford Advanced  Learner's Dictionary 8th Edition,
908,phrase,,Boy Scout,,,,,,,,,,,,,,,,,Oxford Advanced  Learner's Dictionary 8th Edition,
909,phrase,,Boy Scouts,,,,,,,,,,,,,,,,,Oxford Advanced  Learner's Dictionary 8th Edition,
910,phrase,,,,,bottle store,bottle store,,,,,,bottle store,,,,,,,Oxford Advanced  Learner's Dictionary 8th Edition,
911,phrase,,,,,bottle stores,bottle stores,,,,,,bottle stores,,,,,,,Oxford Advanced  Learner's Dictionary 8th Edition,
912,phrase,,,,,bottle shop,bottle shop,,,,,,bottle shop,,,,,,,Oxford Advanced  Learner's Dictionary 8th Edition,
913,phrase,,,,,bottle shops,bottle shops,,,,,,bottle shops,,,,,,,Oxford Advanced  Learner's Dictionary 8th Edition,
914,root,,,,,,,,,,,,bosberaad,,,,,,,Oxford Advanced  Learner's Dictionary 8th Edition,
915,root,,,,,,,,,borewell,,,,,,,,,,Oxford Advanced  Learner's Dictionary 8th Edition,
916,phrase,,,Boot Hill,,,,,,,,,,,,,,,,Oxford Advanced  Learner's Dictionary 8th Edition,
917,phrase,,,Boot Hills,,,,,,,,,,,,,,,,Oxford Advanced  Learner's Dictionary 8th Edition,
918,root,,,,,,,bonny,,,,,,,,,,,,Oxford Advanced  Learner's Dictionary 8th Edition,
919,root,,,,,,,bonnie,,,,,,,,,,,,Oxford Advanced  Learner's Dictionary 8th Edition,
920,root,,,,,bombora,,,,,,,,,,,,,,Oxford Advanced  Learner's Dictionary 8th Edition,
921,root,,,,,,,,,,boma,,boma,,,,,,,Oxford Advanced  Learner's Dictionary 8th Edition,
922,root,bogie,,,,,,,,bogie,,,,,,,,,,Oxford Advanced  Learner's Dictionary 8th Edition,
923,root,,,,,bogan,bogan,,,,,,,,,,,,,Oxford Advanced  Learner's Dictionary 8th Edition,
924,root,,,,,,,,,,,,boerewors,,,,,,,Oxford Advanced  Learner's Dictionary 8th Edition,
925,root,,,,,,,,bodhrán,,,,,,,,,,,Oxford Advanced  Learner's Dictionary 8th Edition,
926,phrase,,Big Man on Campus,,,,,,,,,,,,,,,,,Oxford Advanced  Learner's Dictionary 8th Edition,
927,root,,,BMOC,,,,,,,,,,,,,,,,Oxford Advanced  Learner's Dictionary 8th Edition,
928,root,,,dulce,,,,,,,,,,,,,,,,Oxford Advanced  Learner's Dictionary 8th Edition,
929,root,,,defense,,,,,,,,,,,,,,,,Oxford Advanced  Learner's Dictionary 8th Edition,
930,phrase,,,blue pages,,,,,,,,,,,,,,,,Oxford Advanced  Learner's Dictionary 8th Edition,
931,root,,,,,bludger,bludger,,,,,,,,,,,,,Oxford Advanced  Learner's Dictionary 8th Edition,
932,root,,,,,bludge,bludge,,,,,,,,,,,,,Oxford Advanced  Learner's Dictionary 8th Edition,
933,root,,,,,blow-in,,,,,,,,,,,,,,Oxford Advanced  Learner's Dictionary 8th Edition,
934,root,,,,,blowie,blowie,,,,,,,,,,,,,Oxford Advanced  Learner's Dictionary 8th Edition,
935,root,,,,,bitzer,bitzer,,,,,,,,,,,,,Oxford Advanced  Learner's Dictionary 8th Edition,
936,root,,,,,,,,,,,,biltong,,,,,,,Oxford Advanced  Learner's Dictionary 8th Edition,
937,root,,,,,bikie,bikie,,,,,,,,,,,,,Oxford Advanced  Learner's Dictionary 8th Edition,
938,phrase,,,Big Muddy,,,,,,,,,,,,,,,,Oxford Advanced  Learner's Dictionary 8th Edition,
939,root,,,,,,,,,bhavan,,,,,,,,,,Oxford Advanced  Learner's Dictionary 8th Edition,
940,root,,,,,,,,,bhai,,,,,,,,,,Oxford Advanced  Learner's Dictionary 8th Edition,
941,root,,,,,,,,,Bhagwan,,,,,,,,,,Oxford Advanced  Learner's Dictionary 8th Edition,
942,root,,,beltway,,,,,,,,,,,,,,,,Oxford Advanced  Learner's Dictionary 8th Edition,
943,root,,,,,,,,,,,been-to,,,,,,,,Oxford Advanced  Learner's Dictionary 8th Edition,
944,root,,,beauty parade,,,,,,,,,,,,,,,,Oxford Advanced  Learner's Dictionary 8th Edition,
945,root,,,beauty parades,,,,,,,,,,,,,,,,Oxford Advanced  Learner's Dictionary 8th Edition,
946,root,,beaut,,,beaut,beaut,,,,,,,,,,,,,Oxford Advanced  Learner's Dictionary 8th Edition,
947,root,,,,,,,,,batchmate,,,,,,,,,,Oxford Advanced  Learner's Dictionary 8th Edition,
948,root,,,,,,,,,,baraza,,,,,,,,,Oxford Advanced  Learner's Dictionary 8th Edition,
949,root,,,,,,,,,Bapu,,,,,,,,,,Oxford Advanced  Learner's Dictionary 8th Edition,
950,root,,,,,,,,,bania,,,,,,,,,,Oxford Advanced  Learner's Dictionary 8th Edition,
951,root,,,,,,,,,bandobast,,,,,,,,,,Oxford Advanced  Learner's Dictionary 8th Edition,
952,root,,,,,,,,,bandh,,,,,,,,,,Oxford Advanced  Learner's Dictionary 8th Edition,
953,phrase,,,,band council,,,,,,,,,,,,,,,Oxford Advanced  Learner's Dictionary 8th Edition,
954,phrase,,,,band councils,,,,,,,,,,,,,,,Oxford Advanced  Learner's Dictionary 8th Edition,
955,phrase,,,,ball hockey,,,,,,,,,,,,,,,Oxford Advanced  Learner's Dictionary 8th Edition,
956,root,,,,,,,,,,,,bakkie,,,,,,,Oxford Advanced  Learner's Dictionary 8th Edition,
957,root,,,,,,,bairn,,,,,,,bairn,,,,,Oxford Advanced  Learner's Dictionary 8th Edition,
958,phrase,,,,,,,,,,,,Bafana Bafana,,,,,,,Oxford Advanced  Learner's Dictionary 8th Edition,
959,root,,,,,,,,,badmash,,,,,,,,,,Oxford Advanced  Learner's Dictionary 8th Edition,
960,phrase,,,,,,,,,backward classes,,,,,,,,,,Oxford Advanced  Learner's Dictionary 8th Edition,
961,root,,,,,,bach,,,,,,,,,,,,,Oxford Advanced  Learner's Dictionary 8th Edition,
962,root,,,,,,,,,babu,,,,,,,,,,Oxford Advanced  Learner's Dictionary 8th Edition,
963,root,,,,,,,,,ayah,,,,,,,,,,Oxford Advanced  Learner's Dictionary 8th Edition,
964,root,,,,,,,,,,askari,,,,,,,,,Oxford Advanced  Learner's Dictionary 8th Edition,
965,root,,,,,arvo,arvo,,,,,,,,,,,,,Oxford Advanced  Learner's Dictionary 8th Edition,
966,root,,,,,,,,,anna,,,,,,,,,,Oxford Advanced  Learner's Dictionary 8th Edition,
967,root,,,,,,,,,amma,,,,,,,,,,Oxford Advanced  Learner's Dictionary 8th Edition,
968,root,,,,,,,,,,,,,,,amah,,amah,,Oxford Advanced  Learner's Dictionary 8th Edition,
969,root,,,,,,,,,,,,amasi,,,,,,,Oxford Advanced  Learner's Dictionary 8th Edition,
970,root,,,,,,,,,,,,maas,,,,,,,Oxford Advanced  Learner's Dictionary 8th Edition,
971,root,,,,,,,,,,,,ag,,,,,,,Oxford Advanced  Learner's Dictionary 8th Edition,
972,root,,,,,,,,,,,afara,,,,,,,,Oxford Advanced  Learner's Dictionary 8th Edition,
973,root,,,,,,,,,,,limba,,,,,,,,Oxford Advanced  Learner's Dictionary 8th Edition,
974,phrase,,acquaintance rape,,,,,,,,,,,,,,,,,Oxford Advanced  Learner's Dictionary 8th Edition,
975,phrase,,acquaintance rapes,,,,,,,,,,,,,,,,,Oxford Advanced  Learner's Dictionary 8th Edition,
976,root,paracetamol,acetaminophen,,,,,,,,,,,,,,,,,Oxford Advanced  Learner's Dictionary 8th Edition,
977,inflection,,accomodations,,,,,,,,,,,,,,,,,Oxford Advanced  Learner's Dictionary 8th Edition,
978,phrase,accident and emergency,emergency room,,,,,,,,,,,,,,,,,Oxford Advanced  Learner's Dictionary 8th Edition,
979,phrase,accident and emergencies,emergency rooms,,,,,,,,,,,,,,,,,Oxford Advanced  Learner's Dictionary 8th Edition,
980,phrase,A & E,,,,,,,,,,,,,,,,,,Oxford Advanced  Learner's Dictionary 8th Edition,
981,root,,,,,Abo,,,,,,,,,,,,,,Oxford Advanced  Learner's Dictionary 8th Edition,
982,root,loo,,,,,,,,,,,,,,,,,,Merriam-Webster's Collegiate Dictionary Eleventh Edition,
983,root,pram,,,,,,,,,,,,,,,,,,Merriam-Webster's Collegiate Dictionary Eleventh Edition,
984,root,enquire,,,,,,,,,,,,,,,,,,Merriam-Webster's Collegiate Dictionary Eleventh Edition,
985,root,enquiry,,,,,,,,,,,,,,,,,,Merriam-Webster's Collegiate Dictionary Eleventh Edition,
986,root,carburetter,,,,,,,,,,,,,,,,,,Merriam-Webster's Collegiate Dictionary Eleventh Edition,
987,root,carburise,,,,,,,,,,,,,,,,,,Merriam-Webster's Collegiate Dictionary Eleventh Edition,
988,root,chequer,,,,,,,,,,,,,,,,,,Merriam-Webster's Collegiate Dictionary Eleventh Edition,
989,root,gramme,,,,,,,,,,,,,,,,,,Merriam-Webster's Collegiate Dictionary Eleventh Edition,
990,root,dialyser,,,,,,,,,,,,,,,,,,Merriam-Webster's Collegiate Dictionary Eleventh Edition,
991,root,oecumenical,,,,,,,,,,,,,,,,,,Merriam-Webster's Collegiate Dictionary Eleventh Edition,
992,root,aetiology,,,,,,,,,,,,,,,,,,Merriam-Webster's Collegiate Dictionary Eleventh Edition,
993,root,brolly,,,,,,,,,,,,,,,,,,Merriam-Webster's Collegiate Dictionary Eleventh Edition,
994,phrase,bugger all,,,,,,,,,,,,,,,,,,Merriam-Webster's Collegiate Dictionary Eleventh Edition,
995,phrase,bugger off,,,,,,,,,,,,,,,,,,Merriam-Webster's Collegiate Dictionary Eleventh Edition,
996,phrase,buggers off,,,,,,,,,,,,,,,,,,Merriam-Webster's Collegiate Dictionary Eleventh Edition,
997,phrase,buggered off,,,,,,,,,,,,,,,,,,Merriam-Webster's Collegiate Dictionary Eleventh Edition,
998,phrase,buggering off,,,,,,,,,,,,,,,,,,Merriam-Webster's Collegiate Dictionary Eleventh Edition,
999,root,caesium,cesium,,,,,,,,,,,,,,,,,Oxford Advanced  Learner's Dictionary 8th Edition,
1000,phrase,caster sugar,,,,,,,,,,,,,,,,,,Merriam-Webster's Collegiate Dictionary Eleventh Edition,
1001,phrase,castor sugar,,,,,,,,,,,,,,,,,,Merriam-Webster's Collegiate Dictionary Eleventh Edition,
1002,phrase,donkey's years,,,,,,,,,,,,,,,,,,Merriam-Webster's Collegiate Dictionary Eleventh Edition,
1003,root,brew-up,,,,,,,,,,,,,,,,,,Merriam-Webster's Collegiate Dictionary Eleventh Edition,
1004,root,bridleway,,,,,,,,,,,,,,,,,,Merriam-Webster's Collegiate Dictionary Eleventh Edition,
1005,root,brill,,,,,,,,,,,,,,,,,,Merriam-Webster's Collegiate Dictionary Eleventh Edition,
1006,phrase,bring-and-buy sale,,,,,,,,,,,,,,,,,,Merriam-Webster's Collegiate Dictionary Eleventh Edition,
1007,phrase,bring-and-buy sales,,,,,,,,,,,,,,,,,,Merriam-Webster's Collegiate Dictionary Eleventh Edition,
1008,root,bristols,,,,,,,,,,,,,,,,,,Merriam-Webster's Collegiate Dictionary Eleventh Edition,
1009,root,brooch,,,,,,,,,,,,,,,,,,Merriam-Webster's Collegiate Dictionary Eleventh Edition,
1010,phrase,broom cupboard,,,,,,,,,,,,,,,,,,Merriam-Webster's Collegiate Dictionary Eleventh Edition,
1011,phrase,broom cupboards,,,,,,,,,,,,,,,,,,Merriam-Webster's Collegiate Dictionary Eleventh Edition,
1012,phrase,brothel creepers,,,,,,,,,,,,,,,,,,Merriam-Webster's Collegiate Dictionary Eleventh Edition,
1013,phrase,brown ale,,,,,,,,,,,,,,,,,,Merriam-Webster's Collegiate Dictionary Eleventh Edition,
1014,root,zoogloea,,,,,,,,,,,,,,,,,,https://www.merriam-webster.com/medical/zoogleae,
1015,root,zoogloeal,,,,,,,,,,,,,,,,,,https://www.merriam-webster.com/medical/zoogleae,
1016,root,cypre,,,,,,,,,,,,,,,,,,Merriam-Webster's Collegiate Dictionary Eleventh Edition,
1017,root,fibre,,,,,,,,,,,,,,,,,,Merriam-Webster's Collegiate Dictionary Eleventh Edition,
1018,root,lacklustre,,,,,,,,,,,,,,,,,,Merriam-Webster's Collegiate Dictionary Eleventh Edition,
1019,root,metre,,,,,,,,,,,,,,,,,,Merriam-Webster's Collegiate Dictionary Eleventh Edition,
1020,root,nitre,,,,,,,,,,,,,,,,,,Merriam-Webster's Collegiate Dictionary Eleventh Edition,
1021,root,philtre,,,,,,,,,,,,,,,,,,Merriam-Webster's Collegiate Dictionary Eleventh Edition,
1022,root,sceptre,,,,,,,,,,,,,,,,,,Merriam-Webster's Collegiate Dictionary Eleventh Edition,
1023,root,titre,,,,,,,,,,,,,,,,,,Merriam-Webster's Collegiate Dictionary Eleventh Edition,
1024,root,wodge,,,,,,,,,,,,,,,,,,Merriam-Webster's Collegiate Dictionary Eleventh Edition,
1025,root,wog,,,,,,,,,,,,,,,,,,Merriam-Webster's Collegiate Dictionary Eleventh Edition,
1026,root,diarrhoea,,,,,,,,,,,,,,,,,,Merriam-Webster's Collegiate Dictionary Eleventh Edition,
1027,root,dysmenorrhoea,,,,,,,,,,,,,,,,,,Merriam-Webster's Collegiate Dictionary Eleventh Edition,
1028,root,dyspnoea,,,,,,,,,,,,,,,,,,Merriam-Webster's Collegiate Dictionary Eleventh Edition,
1029,root,steatorrhoea,,,,,,,,,,,,,,,,,,Merriam-Webster's Collegiate Dictionary Eleventh Edition,
1030,phrase,common and garden,,,,,,,,,,,,,,,,,,Merriam-Webster's Collegiate Dictionary Eleventh Edition,
1031,root,anoxaemia,,,,,,,,,,,,,,,,,,Merriam-Webster's Collegiate Dictionary Eleventh Edition,
1032,root,ischaemia,,,,,,,,,,,,,,,,,,Merriam-Webster's Collegiate Dictionary Eleventh Edition,
1033,root,leukaemia,,,,,,,,,,,,,,,,,,Merriam-Webster's Collegiate Dictionary Eleventh Edition,
1034,root,leukaemogenesis,,,,,,,,,,,,,,,,,,Merriam-Webster's Collegiate Dictionary Eleventh Edition,
1035,root,parasitise,,,,,,,,,,,,,,,,,,Merriam-Webster's Collegiate Dictionary Eleventh Edition,
1036,root,polycythaemia,,,,,,,,,,,,,,,,,,Merriam-Webster's Collegiate Dictionary Eleventh Edition,
1037,root,thalassaemia,,,,,,,,,,,,,,,,,,Merriam-Webster's Collegiate Dictionary Eleventh Edition,
1038,root,toxaemia,,,,,,,,,,,,,,,,,,Merriam-Webster's Collegiate Dictionary Eleventh Edition,
1039,root,cypher,,cipher,,,,,,,,,,,,,,,,Merriam-Webster's Collegiate Dictionary Eleventh Edition,
1040,root,draught,,draft,,,,,,,,,,,,,,,,Merriam-Webster's Collegiate Dictionary Eleventh Edition,
1041,root,draughty,,drafty,,,,,,,,,,,,,,,,Merriam-Webster's Collegiate Dictionary Eleventh Edition,
1042,root,dyke,,dike,,,,,,,,,,,,,,,,Merriam-Webster's Collegiate Dictionary Eleventh Edition,
1043,root,kerb,,curb,,,,,,,,,,,,,,,,Merriam-Webster's Collegiate Dictionary Eleventh Edition,
1044,root,liquorice,,licorice,,,,,,,,,,,,,,,,Merriam-Webster's Collegiate Dictionary Eleventh Edition,
1045,root,moulding,,molding,,,,,,,,,,,,,,,,Merriam-Webster's Collegiate Dictionary Eleventh Edition,
1046,root,moult,,molt,,,,,,,,,,,,,,,,Merriam-Webster's Collegiate Dictionary Eleventh Edition,
1047,root,sceptic,,skeptic,,,,,,,,,,,,,,,,Merriam-Webster's Collegiate Dictionary Eleventh Edition,
1048,root,sceptical,,skeptical,,,,,,,,,,,,,,,,Merriam-Webster's Collegiate Dictionary Eleventh Edition,
1049,root,scepticism,,skepticism,,,,,,,,,,,,,,,,Merriam-Webster's Collegiate Dictionary Eleventh Edition,
1050,root,sulphide,,sulfide,,,,,,,,,,,,,,,,Merriam-Webster's Collegiate Dictionary Eleventh Edition,
1051,root,sulphate,,sulfate,,,,,,,,,,,,,,,,Merriam-Webster's Collegiate Dictionary Eleventh Edition,
1052,root,waggon,,wagon,,,,,,,,,,,,,,,,Merriam-Webster's Collegiate Dictionary Eleventh Edition,
1053,root,arbour,,arbor,,,,,,,,,,,,,,,,Merriam-Webster's Collegiate Dictionary Eleventh Edition,
1054,root,ardour,,ardor,,,,,,,,,,,,,,,,Merriam-Webster's Collegiate Dictionary Eleventh Edition,
1055,root,armour,,armor,,,,,,,,,,,,,,,,Merriam-Webster's Collegiate Dictionary Eleventh Edition,
1056,root,behaviour,,behavior,,,,,,,,,,,,,,,,Merriam-Webster's Collegiate Dictionary Eleventh Edition,
1057,root,belabour,,belabor,,,,,,,,,,,,,,,,Merriam-Webster's Collegiate Dictionary Eleventh Edition,
1058,root,clamour,,clamor,,,,,,,,,,,,,,,,Merriam-Webster's Collegiate Dictionary Eleventh Edition,
1059,root,clangour,,clangor,,,,,,,,,,,,,,,,Merriam-Webster's Collegiate Dictionary Eleventh Edition,
1060,root,colour,,color,,,,,,,,,,,,,,,,Merriam-Webster's Collegiate Dictionary Eleventh Edition,
1061,root,demeanour,,demeanor,,,,,,,,,,,,,,,,Merriam-Webster's Collegiate Dictionary Eleventh Edition,
1062,root,dolour,,dolor,,,,,,,,,,,,,,,,Merriam-Webster's Collegiate Dictionary Eleventh Edition,
1063,root,enamour,,enamor,,,,,,,,,,,,,,,,Merriam-Webster's Collegiate Dictionary Eleventh Edition,
1064,root,endeavour,,endeavor,,,,,,,,,,,,,,,,Merriam-Webster's Collegiate Dictionary Eleventh Edition,
1065,root,favour,,favor,,,,,,,,,,,,,,,,Merriam-Webster's Collegiate Dictionary Eleventh Edition,
1066,root,fervour,,fervor,,,,,,,,,,,,,,,,Merriam-Webster's Collegiate Dictionary Eleventh Edition,
1067,root,flavour,,flavor,,,,,,,,,,,,,,,,Merriam-Webster's Collegiate Dictionary Eleventh Edition,
1068,root,harbour,,harbor,,,,,,,,,,,,,,,,Merriam-Webster's Collegiate Dictionary Eleventh Edition,
1069,root,honour,,honor,,,,,,,,,,,,,,,,Merriam-Webster's Collegiate Dictionary Eleventh Edition,
1070,root,humour,,humor,,,,,,,,,,,,,,,,Merriam-Webster's Collegiate Dictionary Eleventh Edition,
1071,root,labour,,labor,,,,,,,,,,,,,,,,Merriam-Webster's Collegiate Dictionary Eleventh Edition,
1072,root,misdemeanour,,misdemeanor,,,,,,,,,,,,,,,,Merriam-Webster's Collegiate Dictionary Eleventh Edition,
1073,root,neighbour,,neighbor,,,,,,,,,,,,,,,,Merriam-Webster's Collegiate Dictionary Eleventh Edition,
1074,root,odour,,odor,,,,,,,,,,,,,,,,Merriam-Webster's Collegiate Dictionary Eleventh Edition,
1075,root,parlour,,parlor,,,,,,,,,,,,,,,,Merriam-Webster's Collegiate Dictionary Eleventh Edition,
1076,root,rancour,,rancor,,,,,,,,,,,,,,,,Merriam-Webster's Collegiate Dictionary Eleventh Edition,
1077,root,rigour,,rigor,,,,,,,,,,,,,,,,Merriam-Webster's Collegiate Dictionary Eleventh Edition,
1078,root,rumour,,rumor,,,,,,,,,,,,,,,,Merriam-Webster's Collegiate Dictionary Eleventh Edition,
1079,root,splendour,,splendor,,,,,,,,,,,,,,,,Merriam-Webster's Collegiate Dictionary Eleventh Edition,
1080,root,succour,,succor,,,,,,,,,,,,,,,,Merriam-Webster's Collegiate Dictionary Eleventh Edition,
1081,root,tenour,,tenor,,,,,,,,,,,,,,,,Merriam-Webster's Collegiate Dictionary Eleventh Edition,
1082,root,tumour,,tumor,,,,,,,,,,,,,,,,Merriam-Webster's Collegiate Dictionary Eleventh Edition,
1083,root,valour,,valor,,,,,,,,,,,,,,,,Merriam-Webster's Collegiate Dictionary Eleventh Edition,
1084,root,vapour,,vapor,,,,,,,,,,,,,,,,Merriam-Webster's Collegiate Dictionary Eleventh Edition,
1085,root,vigour,,vigor,,,,,,,,,,,,,,,,Merriam-Webster's Collegiate Dictionary Eleventh Edition,
1086,root,analyse,analyze,,,,,,,,,,,,,,,,,Merriam-Webster's Collegiate Dictionary Eleventh Edition,
1087,root,autolyse,,,,,,,,,,,,,,,,,,Merriam-Webster's Collegiate Dictionary Eleventh Edition,
1088,root,dialyse,,,,,,,,,,,,,,,,,,Merriam-Webster's Collegiate Dictionary Eleventh Edition,
1089,root,paralyse,,,,,,,,,,,,,,,,,,Merriam-Webster's Collegiate Dictionary Eleventh Edition,
1090,root,behaviourism,,behaviorism,,,,,,,,,,,,,,,,Merriam-Webster's Collegiate Dictionary Eleventh Edition,
1091,root,behaviourist,,behaviorist,,,,,,,,,,,,,,,,Merriam-Webster's Collegiate Dictionary Eleventh Edition,
1092,root,honourable,,honorable,,,,,,,,,,,,,,,,Merriam-Webster's Collegiate Dictionary Eleventh Edition,
1093,root,honourary,,honorary,,,,,,,,,,,,,,,,Merriam-Webster's Collegiate Dictionary Eleventh Edition,
1094,root,loury,,lowery,,,,,,,,,,,,,,,,Merriam-Webster's Collegiate Dictionary Eleventh Edition,
1095,root,paver,,paviour,,,,,,,,,,,,,,,,Merriam-Webster's Collegiate Dictionary Eleventh Edition,
1096,inflection,beddy-eyes,,,,,,,,,,,,,,,,,,Merriam-Webster's Collegiate Dictionary Eleventh Edition,
1097,phrase,car park,,parking lot,,,,,,,,,,,,,,,,Merriam-Webster's Collegiate Dictionary Eleventh Edition,
1098,phrase,car parks,,parking lots,,,,,,,,,,,,,,,,Merriam-Webster's Collegiate Dictionary Eleventh Edition,
1099,root,breathalyse,,breathalyze,,,,,,,,,,,,,,,,Merriam-Webster's Collegiate Dictionary Eleventh Edition,
1100,root,breathalyser,,breathalyzer,,,,,,,,,,,,,,,,Merriam-Webster's Collegiate Dictionary Eleventh Edition,
1101,phrase,bridging loan,,bridge loan,,,,,,,,,,,,,,,,Merriam-Webster's Collegiate Dictionary Eleventh Edition,
1102,phrase,bridging loans,,bridge loans,,,,,,,,,,,,,,,,Merriam-Webster's Collegiate Dictionary Eleventh Edition,
1103,phrase,broad bean,,fava bean,,,,,,,,,,,,,,,,Merriam-Webster's Collegiate Dictionary Eleventh Edition,
1104,phrase,broad beans,,fava beans,,,,,,,,,,,,,,,,Merriam-Webster's Collegiate Dictionary Eleventh Edition,
1105,root,Bros,,Bros.,,,,,,,,,,,,,,,,Merriam-Webster's Collegiate Dictionary Eleventh Edition,
1106,root,plough,,plow,,,,,,,,,,,,,,,,Merriam-Webster's Collegiate Dictionary Eleventh Edition,
1107,phrase,,,round trip,,,,,,,,,,,,,,,,Merriam-Webster's Collegiate Dictionary Eleventh Edition,
1108,phrase,,,round trips,,,,,,,,,,,,,,,,Merriam-Webster's Collegiate Dictionary Eleventh Edition,
1109,phrase,,,baby carriage,,,,,,,,,,,,,,,,Merriam-Webster's Collegiate Dictionary Eleventh Edition,
1110,phrase,,,baby carriages,,,,,,,,,,,,,,,,Merriam-Webster's Collegiate Dictionary Eleventh Edition,
1111,root,,,subway,,,,,,,,,,,,,,,,Merriam-Webster's Collegiate Dictionary Eleventh Edition,
1112,root,,,undershirt,,,,,,,,,,,,,,,,Merriam-Webster's Collegiate Dictionary Eleventh Edition,
1113,root,,,vacation,,,,,,,,,,,,,,,,Merriam-Webster's Collegiate Dictionary Eleventh Edition,
1114,root,,,crib,,,,,,,,,,,,,,,,Merriam-Webster's Collegiate Dictionary Eleventh Edition,
1115,root,,,pacifer,,,,,,,,,,,,,,,,Merriam-Webster's Collegiate Dictionary Eleventh Edition,
1116,root,,,garage,,,,,,,,,,,,,,,,Merriam-Webster's Collegiate Dictionary Eleventh Edition,
1117,root,,,karat,,,,,,,,,,,,,,,,Merriam-Webster's Collegiate Dictionary Eleventh Edition,
1118,root,,,sulfurize,,,,,,,,,,,,,,,,Merriam-Webster's Collegiate Dictionary Eleventh Edition,
1119,root,,,pavior,,,,,,,,,,,,,,,,Merriam-Webster's Collegiate Dictionary Eleventh Edition,
1120,root,,,breeseway,,,,,,,,,,,,,,,,Merriam-Webster's Collegiate Dictionary Eleventh Edition,
1121,root,,,brinksmanship,,,,,,,,,,,,,,,,Merriam-Webster's Collegiate Dictionary Eleventh Edition,
1122,phrase,,,the broad jump,,,,,,,,,,,,,,,,Merriam-Webster's Collegiate Dictionary Eleventh Edition,
1123,phrase,,,the broad jumps,,,,,,,,,,,,,,,,Merriam-Webster's Collegiate Dictionary Eleventh Edition,
1124,phrase,,,scarlet runner bean,,,,,,,,,,,,,,,,Merriam-Webster's Collegiate Dictionary Eleventh Edition,
1125,phrase,,,scarlet runner beans,,,,,,,,,,,,,,,,Merriam-Webster's Collegiate Dictionary Eleventh Edition,
1126,root,,,airfield,,,,,,,,,,,,,,,,Merriam-Webster's Collegiate Dictionary Eleventh Edition,
1127,root,soliloquise,,,,,,,,,,,,,,,,,,Merriam-Webster's Collegiate Dictionary Eleventh Edition,
1128,root,marbleise,,,,,,,,,,,,,,,,,,Merriam-Webster's Collegiate Dictionary Eleventh Edition,
1129,root,vulcanisate,,,,,,,,,,,,,,,,,,Merriam-Webster's Collegiate Dictionary Eleventh Edition,
1130,root,embolisation,,,,,,,,,,,,,,,,,,Merriam-Webster's Collegiate Dictionary Eleventh Edition,
1131,root,modernisation,,,,,,,,,,,,,,,,,,Merriam-Webster's Collegiate Dictionary Eleventh Edition,
1132,root,accessorise,,,,,,,,,,,,,,,,,,Merriam-Webster's Collegiate Dictionary Eleventh Edition,
1133,root,acclimatise,,,,,,,,,,,,,,,,,,Merriam-Webster's Collegiate Dictionary Eleventh Edition,
1134,root,Africanise,,,,,,,,,,,,,,,,,,Merriam-Webster's Collegiate Dictionary Eleventh Edition,
1135,root,aggrandise,,,,,,,,,,,,,,,,,,Merriam-Webster's Collegiate Dictionary Eleventh Edition,
1136,root,agonise,,,,,,,,,,,,,,,,,,Merriam-Webster's Collegiate Dictionary Eleventh Edition,
1137,root,allegorise,,,,,,,,,,,,,,,,,,Merriam-Webster's Collegiate Dictionary Eleventh Edition,
1138,root,Americanise,,,,,,,,,,,,,,,,,,Merriam-Webster's Collegiate Dictionary Eleventh Edition,
1139,root,anatomise,,,,,,,,,,,,,,,,,,Merriam-Webster's Collegiate Dictionary Eleventh Edition,
1140,root,apologise,,,,,,,,,,,,,,,,,,Merriam-Webster's Collegiate Dictionary Eleventh Edition,
1141,root,apostatise,,,,,,,,,,,,,,,,,,Merriam-Webster's Collegiate Dictionary Eleventh Edition,
1142,root,apostrophise,,,,,,,,,,,,,,,,,,Merriam-Webster's Collegiate Dictionary Eleventh Edition,
1143,root,Arabise,,,,,,,,,,,,,,,,,,Merriam-Webster's Collegiate Dictionary Eleventh Edition,
1144,root,atomise,,,,,,,,,,,,,,,,,,Merriam-Webster's Collegiate Dictionary Eleventh Edition,
1145,root,attitudinise,,,,,,,,,,,,,,,,,,Merriam-Webster's Collegiate Dictionary Eleventh Edition,
1146,root,bastardise,,,,,,,,,,,,,,,,,,Merriam-Webster's Collegiate Dictionary Eleventh Edition,
1147,root,botanise,,,,,,,,,,,,,,,,,,Merriam-Webster's Collegiate Dictionary Eleventh Edition,
1148,root,bowdlerise,,,,,,,,,,,,,,,,,,Merriam-Webster's Collegiate Dictionary Eleventh Edition,
1149,root,brutalise,,,,,,,,,,,,,,,,,,Merriam-Webster's Collegiate Dictionary Eleventh Edition,
1150,root,bureaucratise,,,,,,,,,,,,,,,,,,Merriam-Webster's Collegiate Dictionary Eleventh Edition,
1151,root,capitalise,,,,,,,,,,,,,,,,,,Merriam-Webster's Collegiate Dictionary Eleventh Edition,
1152,root,caramelise,,,,,,,,,,,,,,,,,,Merriam-Webster's Collegiate Dictionary Eleventh Edition,
1153,root,cartelise,,,,,,,,,,,,,,,,,,Merriam-Webster's Collegiate Dictionary Eleventh Edition,
1154,root,categorise,,,,,,,,,,,,,,,,,,Merriam-Webster's Collegiate Dictionary Eleventh Edition,
1155,root,centralise,,,,,,,,,,,,,,,,,,Merriam-Webster's Collegiate Dictionary Eleventh Edition,
1156,root,characterise,,,,,,,,,,,,,,,,,,Merriam-Webster's Collegiate Dictionary Eleventh Edition,
1157,root,circularise,,,,,,,,,,,,,,,,,,Merriam-Webster's Collegiate Dictionary Eleventh Edition,
1158,root,civilise,,,,,,,,,,,,,,,,,,Merriam-Webster's Collegiate Dictionary Eleventh Edition,
1159,root,collectivise,,,,,,,,,,,,,,,,,,Merriam-Webster's Collegiate Dictionary Eleventh Edition,
1160,root,colonise,,,,,,,,,,,,,,,,,,Merriam-Webster's Collegiate Dictionary Eleventh Edition,
1161,root,commercialise,,,,,,,,,,,,,,,,,,Merriam-Webster's Collegiate Dictionary Eleventh Edition,
1162,root,communise,,,,,,,,,,,,,,,,,,Merriam-Webster's Collegiate Dictionary Eleventh Edition,
1163,root,computerise,,,,,,,,,,,,,,,,,,Merriam-Webster's Collegiate Dictionary Eleventh Edition,
1164,root,conceptualise,,,,,,,,,,,,,,,,,,Merriam-Webster's Collegiate Dictionary Eleventh Edition,
1165,root,containerise,,,,,,,,,,,,,,,,,,Merriam-Webster's Collegiate Dictionary Eleventh Edition,
1166,root,conveyorise,,,,,,,,,,,,,,,,,,Merriam-Webster's Collegiate Dictionary Eleventh Edition,
1167,root,creolise,,,,,,,,,,,,,,,,,,Merriam-Webster's Collegiate Dictionary Eleventh Edition,
1168,root,criticise,,,,,,,,,,,,,,,,,,Merriam-Webster's Collegiate Dictionary Eleventh Edition,
1169,root,crystallise,,,,,,,,,,,,,,,,,,Merriam-Webster's Collegiate Dictionary Eleventh Edition,
1170,root,customise,,,,,,,,,,,,,,,,,,Merriam-Webster's Collegiate Dictionary Eleventh Edition,
1171,root,dramatise,,,,,,,,,,,,,,,,,,Merriam-Webster's Collegiate Dictionary Eleventh Edition,
1172,root,economise,,,,,,,,,,,,,,,,,,Merriam-Webster's Collegiate Dictionary Eleventh Edition,
1173,root,empathise,,,,,,,,,,,,,,,,,,Merriam-Webster's Collegiate Dictionary Eleventh Edition,
1174,root,emphasise,,,,,,,,,,,,,,,,,,Merriam-Webster's Collegiate Dictionary Eleventh Edition,
1175,root,energise,,,,,,,,,,,,,,,,,,Merriam-Webster's Collegiate Dictionary Eleventh Edition,
1176,root,epitomise,,,,,,,,,,,,,,,,,,Merriam-Webster's Collegiate Dictionary Eleventh Edition,
1177,root,equalise,,,,,,,,,,,,,,,,,,Merriam-Webster's Collegiate Dictionary Eleventh Edition,
1178,root,etymologise,,,,,,,,,,,,,,,,,,Merriam-Webster's Collegiate Dictionary Eleventh Edition,
1179,root,eulogise,,,,,,,,,,,,,,,,,,Merriam-Webster's Collegiate Dictionary Eleventh Edition,
1180,root,euphemise,,,,,,,,,,,,,,,,,,Merriam-Webster's Collegiate Dictionary Eleventh Edition,
1181,root,extemporise,,,,,,,,,,,,,,,,,,Merriam-Webster's Collegiate Dictionary Eleventh Edition,
1182,root,exteriorise,,,,,,,,,,,,,,,,,,Merriam-Webster's Collegiate Dictionary Eleventh Edition,
1183,root,externalise,,,,,,,,,,,,,,,,,,Merriam-Webster's Collegiate Dictionary Eleventh Edition,
1184,root,familiarise,,,,,,,,,,,,,,,,,,Merriam-Webster's Collegiate Dictionary Eleventh Edition,
1185,root,fantasise,,,,,,,,,,,,,,,,,,Merriam-Webster's Collegiate Dictionary Eleventh Edition,
1186,root,feminise,,,,,,,,,,,,,,,,,,Merriam-Webster's Collegiate Dictionary Eleventh Edition,
1187,root,fictionalise,,,,,,,,,,,,,,,,,,Merriam-Webster's Collegiate Dictionary Eleventh Edition,
1188,root,finalise,,,,,,,,,,,,,,,,,,Merriam-Webster's Collegiate Dictionary Eleventh Edition,
1189,root,formalise,,,,,,,,,,,,,,,,,,Merriam-Webster's Collegiate Dictionary Eleventh Edition,
1190,root,fossilise,,,,,,,,,,,,,,,,,,Merriam-Webster's Collegiate Dictionary Eleventh Edition,
1191,root,galvanise,,,,,,,,,,,,,,,,,,Merriam-Webster's Collegiate Dictionary Eleventh Edition,
1192,root,generalise,,,,,,,,,,,,,,,,,,Merriam-Webster's Collegiate Dictionary Eleventh Edition,
1193,root,geometrise,,,,,,,,,,,,,,,,,,Merriam-Webster's Collegiate Dictionary Eleventh Edition,
1194,root,glamorise,,,,,,,,,,,,,,,,,,Merriam-Webster's Collegiate Dictionary Eleventh Edition,
1195,root,globalise,,,,,,,,,,,,,,,,,,Merriam-Webster's Collegiate Dictionary Eleventh Edition,
1196,root,gormandise,,,,,,,,,,,,,,,,,,Merriam-Webster's Collegiate Dictionary Eleventh Edition,
1197,root,harmonise,,,,,,,,,,,,,,,,,,Merriam-Webster's Collegiate Dictionary Eleventh Edition,
1198,root,homogenise,,,,,,,,,,,,,,,,,,Merriam-Webster's Collegiate Dictionary Eleventh Edition,
1199,root,hospitalise,,,,,,,,,,,,,,,,,,Merriam-Webster's Collegiate Dictionary Eleventh Edition,
1200,root,idealise,,,,,,,,,,,,,,,,,,Merriam-Webster's Collegiate Dictionary Eleventh Edition,
1201,root,immortalise,,,,,,,,,,,,,,,,,,Merriam-Webster's Collegiate Dictionary Eleventh Edition,
1202,root,individualise,,,,,,,,,,,,,,,,,,Merriam-Webster's Collegiate Dictionary Eleventh Edition,
1203,root,industrialise,,,,,,,,,,,,,,,,,,Merriam-Webster's Collegiate Dictionary Eleventh Edition,
1204,root,institutionise,,,,,,,,,,,,,,,,,,Merriam-Webster's Collegiate Dictionary Eleventh Edition,
1205,root,interiorise,,,,,,,,,,,,,,,,,,Merriam-Webster's Collegiate Dictionary Eleventh Edition,
1206,root,internationalise,,,,,,,,,,,,,,,,,,Merriam-Webster's Collegiate Dictionary Eleventh Edition,
1207,root,internalise,,,,,,,,,,,,,,,,,,Merriam-Webster's Collegiate Dictionary Eleventh Edition,
1208,root,iodise,,,,,,,,,,,,,,,,,,Merriam-Webster's Collegiate Dictionary Eleventh Edition,
1209,root,ionise,,,,,,,,,,,,,,,,,,Merriam-Webster's Collegiate Dictionary Eleventh Edition,
1210,root,italianise,,,,,,,,,,,,,,,,,,Merriam-Webster's Collegiate Dictionary Eleventh Edition,
1211,root,italicise,,,,,,,,,,,,,,,,,,Merriam-Webster's Collegiate Dictionary Eleventh Edition,
1212,root,itemise,,,,,,,,,,,,,,,,,,Merriam-Webster's Collegiate Dictionary Eleventh Edition,
1213,root,jeopardise,,,,,,,,,,,,,,,,,,Merriam-Webster's Collegiate Dictionary Eleventh Edition,
1214,root,legalise,,,,,,,,,,,,,,,,,,Merriam-Webster's Collegiate Dictionary Eleventh Edition,
1215,root,legitimise,,,,,,,,,,,,,,,,,,Merriam-Webster's Collegiate Dictionary Eleventh Edition,
1216,root,liberalise,,,,,,,,,,,,,,,,,,Merriam-Webster's Collegiate Dictionary Eleventh Edition,
1217,root,linearise,,,,,,,,,,,,,,,,,,Merriam-Webster's Collegiate Dictionary Eleventh Edition,
1218,root,lionise,,,,,,,,,,,,,,,,,,Merriam-Webster's Collegiate Dictionary Eleventh Edition,
1219,root,lobotomise,,,,,,,,,,,,,,,,,,Merriam-Webster's Collegiate Dictionary Eleventh Edition,
1220,root,localise,,,,,,,,,,,,,,,,,,Merriam-Webster's Collegiate Dictionary Eleventh Edition,
1221,root,lyophilise,,,,,,,,,,,,,,,,,,Merriam-Webster's Collegiate Dictionary Eleventh Edition,
1222,root,magnetise,,,,,,,,,,,,,,,,,,Merriam-Webster's Collegiate Dictionary Eleventh Edition,
1223,root,masculinise,,,,,,,,,,,,,,,,,,Merriam-Webster's Collegiate Dictionary Eleventh Edition,
1224,root,materialise,,,,,,,,,,,,,,,,,,Merriam-Webster's Collegiate Dictionary Eleventh Edition,
1225,root,maximise,,,,,,,,,,,,,,,,,,Merriam-Webster's Collegiate Dictionary Eleventh Edition,
1226,root,melodramatise,,,,,,,,,,,,,,,,,,Merriam-Webster's Collegiate Dictionary Eleventh Edition,
1227,root,memorialise,,,,,,,,,,,,,,,,,,Merriam-Webster's Collegiate Dictionary Eleventh Edition,
1228,root,memorise,,,,,,,,,,,,,,,,,,Merriam-Webster's Collegiate Dictionary Eleventh Edition,
1229,root,mercerise,,,,,,,,,,,,,,,,,,Merriam-Webster's Collegiate Dictionary Eleventh Edition,
1230,root,mesmerise,,,,,,,,,,,,,,,,,,Merriam-Webster's Collegiate Dictionary Eleventh Edition,
1231,root,methodise,,,,,,,,,,,,,,,,,,Merriam-Webster's Collegiate Dictionary Eleventh Edition,
1232,root,mineralise,,,,,,,,,,,,,,,,,,Merriam-Webster's Collegiate Dictionary Eleventh Edition,
1233,root,minimise,,,,,,,,,,,,,,,,,,Merriam-Webster's Collegiate Dictionary Eleventh Edition,
1234,root,mobilise,,,,,,,,,,,,,,,,,,Merriam-Webster's Collegiate Dictionary Eleventh Edition,
1235,root,moisturise,,,,,,,,,,,,,,,,,,Merriam-Webster's Collegiate Dictionary Eleventh Edition,
1236,root,monopolise,,,,,,,,,,,,,,,,,,Merriam-Webster's Collegiate Dictionary Eleventh Edition,
1237,root,moralise,,,,,,,,,,,,,,,,,,Merriam-Webster's Collegiate Dictionary Eleventh Edition,
1238,root,motorise,,,,,,,,,,,,,,,,,,Merriam-Webster's Collegiate Dictionary Eleventh Edition,
1239,root,musicalise,,,,,,,,,,,,,,,,,,Merriam-Webster's Collegiate Dictionary Eleventh Edition,
1240,root,nationalise,,,,,,,,,,,,,,,,,,Merriam-Webster's Collegiate Dictionary Eleventh Edition,
1241,root,naturalise,,,,,,,,,,,,,,,,,,Merriam-Webster's Collegiate Dictionary Eleventh Edition,
1242,root,normanise,,,,,,,,,,,,,,,,,,Merriam-Webster's Collegiate Dictionary Eleventh Edition,
1243,root,optimise,,,,,,,,,,,,,,,,,,Merriam-Webster's Collegiate Dictionary Eleventh Edition,
1244,root,organise,,,,,,,,,,,,,,,,,,Merriam-Webster's Collegiate Dictionary Eleventh Edition,
1245,root,ostracise,,,,,,,,,,,,,,,,,,Merriam-Webster's Collegiate Dictionary Eleventh Edition,
1246,root,oxidise,,,,,,,,,,,,,,,,,,Merriam-Webster's Collegiate Dictionary Eleventh Edition,
1247,root,palletise,,,,,,,,,,,,,,,,,,Merriam-Webster's Collegiate Dictionary Eleventh Edition,
1248,root,particularise,,,,,,,,,,,,,,,,,,Merriam-Webster's Collegiate Dictionary Eleventh Edition,
1249,root,pasteurise,,,,,,,,,,,,,,,,,,Merriam-Webster's Collegiate Dictionary Eleventh Edition,
1250,root,patronise,,,,,,,,,,,,,,,,,,Merriam-Webster's Collegiate Dictionary Eleventh Edition,
1251,root,pelletise,,,,,,,,,,,,,,,,,,Merriam-Webster's Collegiate Dictionary Eleventh Edition,
1252,root,penalise,,,,,,,,,,,,,,,,,,Merriam-Webster's Collegiate Dictionary Eleventh Edition,
1253,root,philosophise,,,,,,,,,,,,,,,,,,Merriam-Webster's Collegiate Dictionary Eleventh Edition,
1254,root,polarise,,,,,,,,,,,,,,,,,,Merriam-Webster's Collegiate Dictionary Eleventh Edition,
1255,root,polymerise,,,,,,,,,,,,,,,,,,Merriam-Webster's Collegiate Dictionary Eleventh Edition,
1256,root,popularise,,,,,,,,,,,,,,,,,,Merriam-Webster's Collegiate Dictionary Eleventh Edition,
1257,root,pressurise,,,,,,,,,,,,,,,,,,Merriam-Webster's Collegiate Dictionary Eleventh Edition,
1258,root,prise,,,,,,,,,,,,,,,,,,Merriam-Webster's Collegiate Dictionary Eleventh Edition,
1259,root,privatise,,,,,,,,,,,,,,,,,,Merriam-Webster's Collegiate Dictionary Eleventh Edition,
1260,root,proletarianise,,,,,,,,,,,,,,,,,,Merriam-Webster's Collegiate Dictionary Eleventh Edition,
1261,root,proselytise,,,,,,,,,,,,,,,,,,Merriam-Webster's Collegiate Dictionary Eleventh Edition,
1262,root,prussianise,,,,,,,,,,,,,,,,,,Merriam-Webster's Collegiate Dictionary Eleventh Edition,
1263,root,publicise,,,,,,,,,,,,,,,,,,Merriam-Webster's Collegiate Dictionary Eleventh Edition,
1264,root,pulverise,,,,,,,,,,,,,,,,,,Merriam-Webster's Collegiate Dictionary Eleventh Edition,
1265,root,radicalise,,,,,,,,,,,,,,,,,,Merriam-Webster's Collegiate Dictionary Eleventh Edition,
1266,root,rationalise,,,,,,,,,,,,,,,,,,Merriam-Webster's Collegiate Dictionary Eleventh Edition,
1267,root,realise,,,,,,,,,,,,,,,,,,Merriam-Webster's Collegiate Dictionary Eleventh Edition,
1268,root,recognise,,,,,,,,,,,,,,,,,,Merriam-Webster's Collegiate Dictionary Eleventh Edition,
1269,root,revitalise,,,,,,,,,,,,,,,,,,Merriam-Webster's Collegiate Dictionary Eleventh Edition,
1270,root,revolutionise,,,,,,,,,,,,,,,,,,Merriam-Webster's Collegiate Dictionary Eleventh Edition,
1271,root,romanise,,,,,,,,,,,,,,,,,,Merriam-Webster's Collegiate Dictionary Eleventh Edition,
1272,root,satirise,,,,,,,,,,,,,,,,,,Merriam-Webster's Collegiate Dictionary Eleventh Edition,
1273,root,scandalise,,,,,,,,,,,,,,,,,,Merriam-Webster's Collegiate Dictionary Eleventh Edition,
1274,root,scrutinise,,,,,,,,,,,,,,,,,,Merriam-Webster's Collegiate Dictionary Eleventh Edition,
1275,root,secularise,,,,,,,,,,,,,,,,,,Merriam-Webster's Collegiate Dictionary Eleventh Edition,
1276,root,sensationalise,,,,,,,,,,,,,,,,,,Merriam-Webster's Collegiate Dictionary Eleventh Edition,
1277,root,sensitise,,,,,,,,,,,,,,,,,,Merriam-Webster's Collegiate Dictionary Eleventh Edition,
1278,root,sentimentalise,,,,,,,,,,,,,,,,,,Merriam-Webster's Collegiate Dictionary Eleventh Edition,
1279,root,serialise,,,,,,,,,,,,,,,,,,Merriam-Webster's Collegiate Dictionary Eleventh Edition,
1280,root,signalise,,,,,,,,,,,,,,,,,,Merriam-Webster's Collegiate Dictionary Eleventh Edition,
1281,root,skeletonise,,,,,,,,,,,,,,,,,,Merriam-Webster's Collegiate Dictionary Eleventh Edition,
1282,root,socialise,,,,,,,,,,,,,,,,,,Merriam-Webster's Collegiate Dictionary Eleventh Edition,
1283,root,solubilise,,,,,,,,,,,,,,,,,,Merriam-Webster's Collegiate Dictionary Eleventh Edition,
1284,root,specialise,,,,,,,,,,,,,,,,,,Merriam-Webster's Collegiate Dictionary Eleventh Edition,
1285,root,stabilise,,,,,,,,,,,,,,,,,,Merriam-Webster's Collegiate Dictionary Eleventh Edition,
1286,root,standardise,,,,,,,,,,,,,,,,,,Merriam-Webster's Collegiate Dictionary Eleventh Edition,
1287,root,stylise,,,,,,,,,,,,,,,,,,Merriam-Webster's Collegiate Dictionary Eleventh Edition,
1288,root,subjectivise,,,,,,,,,,,,,,,,,,Merriam-Webster's Collegiate Dictionary Eleventh Edition,
1289,root,subsidise,,,,,,,,,,,,,,,,,,Merriam-Webster's Collegiate Dictionary Eleventh Edition,
1290,root,suburbanise,,,,,,,,,,,,,,,,,,Merriam-Webster's Collegiate Dictionary Eleventh Edition,
1291,root,sulphurise,,,,,,,,,,,,,,,,,,Merriam-Webster's Collegiate Dictionary Eleventh Edition,
1292,root,summarise,,,,,,,,,,,,,,,,,,Merriam-Webster's Collegiate Dictionary Eleventh Edition,
1293,root,symbolise,,,,,,,,,,,,,,,,,,Merriam-Webster's Collegiate Dictionary Eleventh Edition,
1294,root,sympathise,,,,,,,,,,,,,,,,,,Merriam-Webster's Collegiate Dictionary Eleventh Edition,
1295,root,synchronise,,,,,,,,,,,,,,,,,,Merriam-Webster's Collegiate Dictionary Eleventh Edition,
1296,root,syncretise,,,,,,,,,,,,,,,,,,Merriam-Webster's Collegiate Dictionary Eleventh Edition,
1297,root,systematise,,,,,,,,,,,,,,,,,,Merriam-Webster's Collegiate Dictionary Eleventh Edition,
1298,root,tantalise,,,,,,,,,,,,,,,,,,Merriam-Webster's Collegiate Dictionary Eleventh Edition,
1299,root,temporise,,,,,,,,,,,,,,,,,,Merriam-Webster's Collegiate Dictionary Eleventh Edition,
1300,root,terrorise,,,,,,,,,,,,,,,,,,Merriam-Webster's Collegiate Dictionary Eleventh Edition,
1301,root,theologise,,,,,,,,,,,,,,,,,,Merriam-Webster's Collegiate Dictionary Eleventh Edition,
1302,root,theorise,,,,,,,,,,,,,,,,,,Merriam-Webster's Collegiate Dictionary Eleventh Edition,
1303,root,traumatise,,,,,,,,,,,,,,,,,,Merriam-Webster's Collegiate Dictionary Eleventh Edition,
1304,root,trivialise,,,,,,,,,,,,,,,,,,Merriam-Webster's Collegiate Dictionary Eleventh Edition,
1305,root,tyrannise,,,,,,,,,,,,,,,,,,Merriam-Webster's Collegiate Dictionary Eleventh Edition,
1306,root,unionise,,,,,,,,,,,,,,,,,,Merriam-Webster's Collegiate Dictionary Eleventh Edition,
1307,root,urbanise,,,,,,,,,,,,,,,,,,Merriam-Webster's Collegiate Dictionary Eleventh Edition,
1308,root,utilise,,,,,,,,,,,,,,,,,,Merriam-Webster's Collegiate Dictionary Eleventh Edition,
1309,root,vaporise,,,,,,,,,,,,,,,,,,Merriam-Webster's Collegiate Dictionary Eleventh Edition,
1310,root,vitaminise,,,,,,,,,,,,,,,,,,Merriam-Webster's Collegiate Dictionary Eleventh Edition,
1311,root,vocalise,,,,,,,,,,,,,,,,,,Merriam-Webster's Collegiate Dictionary Eleventh Edition,
1312,root,volatilise,,,,,,,,,,,,,,,,,,Merriam-Webster's Collegiate Dictionary Eleventh Edition,
1313,root,vulcanise,,,,,,,,,,,,,,,,,,Merriam-Webster's Collegiate Dictionary Eleventh Edition,
1314,root,vulgarise,,,,,,,,,,,,,,,,,,Merriam-Webster's Collegiate Dictionary Eleventh Edition,
1315,root,westernise,,,,,,,,,,,,,,,,,,Merriam-Webster's Collegiate Dictionary Eleventh Edition,
1316,root,womanise,,,,,,,,,,,,,,,,,,Merriam-Webster's Collegiate Dictionary Eleventh Edition,
1317,root,Americanisation,,,,,,,,,,,,,,,,,,Merriam-Webster's Collegiate Dictionary Eleventh Edition,
1318,root,characterisation,,,,,,,,,,,,,,,,,,Merriam-Webster's Collegiate Dictionary Eleventh Edition,
1319,root,civilisation,,,,,,,,,,,,,,,,,,Merriam-Webster's Collegiate Dictionary Eleventh Edition,
1320,root,colonisation,,,,,,,,,,,,,,,,,,Merriam-Webster's Collegiate Dictionary Eleventh Edition,
1321,root,containerisation,,,,,,,,,,,,,,,,,,Merriam-Webster's Collegiate Dictionary Eleventh Edition,
1322,root,dramatisation,,,,,,,,,,,,,,,,,,Merriam-Webster's Collegiate Dictionary Eleventh Edition,
1323,root,generalisation,,,,,,,,,,,,,,,,,,Merriam-Webster's Collegiate Dictionary Eleventh Edition,
1324,root,globalisation,,,,,,,,,,,,,,,,,,Merriam-Webster's Collegiate Dictionary Eleventh Edition,
1325,root,homogenisation,,,,,,,,,,,,,,,,,,Merriam-Webster's Collegiate Dictionary Eleventh Edition,
1326,root,optimisation,,,,,,,,,,,,,,,,,,Merriam-Webster's Collegiate Dictionary Eleventh Edition,
1327,root,organisation,,,,,,,,,,,,,,,,,,Merriam-Webster's Collegiate Dictionary Eleventh Edition,
1328,root,realisation,,,,,,,,,,,,,,,,,,Merriam-Webster's Collegiate Dictionary Eleventh Edition,
1329,root,specialisation,,,,,,,,,,,,,,,,,,Merriam-Webster's Collegiate Dictionary Eleventh Edition,
1330,root,synchronisation,,,,,,,,,,,,,,,,,,Merriam-Webster's Collegiate Dictionary Eleventh Edition,
1331,root,unionisation,,,,,,,,,,,,,,,,,,Merriam-Webster's Collegiate Dictionary Eleventh Edition,
1332,root,vulcanisation,,,,,,,,,,,,,,,,,,Merriam-Webster's Collegiate Dictionary Eleventh Edition,
1333,root,atomiser,,,,,,,,,,,,,,,,,,Merriam-Webster's Collegiate Dictionary Eleventh Edition,
1334,root,equaliser,,,,,,,,,,,,,,,,,,Merriam-Webster's Collegiate Dictionary Eleventh Edition,
1335,root,organiser,,,,,,,,,,,,,,,,,,Merriam-Webster's Collegiate Dictionary Eleventh Edition,
1336,root,oxidiser,,,,,,,,,,,,,,,,,,Merriam-Webster's Collegiate Dictionary Eleventh Edition,
1337,root,stabiliser,,,,,,,,,,,,,,,,,,Merriam-Webster's Collegiate Dictionary Eleventh Edition,
1338,root,tranquillise,,,,,,,,,,,,,,,,,,Oxford Advanced  Learner's Dictionary 8th Edition,
1339,root,tranquilliser,,,,,,,,,,,,,,,,,,Oxford Advanced  Learner's Dictionary 8th Edition,
1340,root,amortise,,,,,,,,,,,,,,,,,,Oxford Advanced  Learner's Dictionary 8th Edition,
1341,root,amortisation,,,,,,,,,,,,,,,,,,Oxford Advanced  Learner's Dictionary 8th Edition,
1342,root,,tranquility,,,,,,,,,,,,,,,,,Oxford Advanced  Learner's Dictionary 8th Edition,
1343,root,,,dueling,,,,,,,,,,,,,,,,Oxford Advanced  Learner's Dictionary 8th Edition,
1344,root,,,libelous,,,,,,,,,,,,,,,,Oxford Advanced  Learner's Dictionary 8th Edition,
1345,root,,,medalist,,,,,,,,,,,,,,,,Oxford Advanced  Learner's Dictionary 8th Edition,
1346,root,,,panelist,,,,,,,,,,,,,,,,Oxford Advanced  Learner's Dictionary 8th Edition,
1347,root,,councilor,,,,,,,,,,,,,,,,,Oxford Advanced  Learner's Dictionary 8th Edition,
1348,root,panel beater,,,,,,,,,,,,,,,,,,Oxford Advanced  Learner's Dictionary 8th Edition,
1349,root,panel beaters,,,,,,,,,,,,,,,,,,Oxford Advanced  Learner's Dictionary 8th Edition,
1350,root,panel game,,,,,,,,,,,,,,,,,,Oxford Advanced  Learner's Dictionary 8th Edition,
1351,root,panel games,,,,,,,,,,,,,,,,,,Oxford Advanced  Learner's Dictionary 8th Edition,
1352,root,,panel truck,,,panel van,panel van,,,,,,panel van,,,,,,,Oxford Advanced  Learner's Dictionary 8th Edition,
1353,root,,panel trucks,,,panel vans,panel vans,,,,,,panel vans,,,,,,,Oxford Advanced  Learner's Dictionary 8th Edition,
1354,root,,,,,,,,,,panga,,panga,,,,,,,Oxford Advanced  Learner's Dictionary 8th Edition,
1355,root,,panhandler,,,,,,,,,,,,,,,,,Oxford Advanced  Learner's Dictionary 8th Edition,
1356,root,,,CDI,,,,,,,,,,,,,,,,Oxford Advanced  Learner's Dictionary 8th Edition,
1357,root,,,Cdr.,,,,,,,,,,,,,,,,Oxford Advanced  Learner's Dictionary 8th Edition,
1358,root,,,C.E.,,,,,,,,,,,,,,,,Oxford Advanced  Learner's Dictionary 8th Edition,
1359,root,caecum,cecum,,,,,,,,,,,,,,,,,Oxford Advanced  Learner's Dictionary 8th Edition,
1360,root,coeliac,celiac,,,,,,,,,,,,,,,,,Oxford Advanced  Learner's Dictionary 8th Edition,
1361,root,mobile phone,cell phone,,,,,,,,,,,,,,,,,Oxford Advanced  Learner's Dictionary 8th Edition,
1362,root,mobile phones,cell phones,,,,,,,,,,,,,,,,,Oxford Advanced  Learner's Dictionary 8th Edition,
1363,root,the Celtic fringe,,,,,,,,,,,,,,,,,,Oxford Advanced  Learner's Dictionary 8th Edition,
1364,root,centenary,centennial,,,,,,,,,,,,,,,,,Oxford Advanced  Learner's Dictionary 8th Edition,
1365,root,,,centerboard,,,,,,,,,,,,,,,,Oxford Advanced  Learner's Dictionary 8th Edition,
1366,root,,,centered,,,,,,,,,,,,,,,,Oxford Advanced  Learner's Dictionary 8th Edition,
1367,root,,,centerfold,,,,,,,,,,,,,,,,Oxford Advanced  Learner's Dictionary 8th Edition,
1368,root,,,centerpiece,,,,,,,,,,,,,,,,Oxford Advanced  Learner's Dictionary 8th Edition,
1369,root,,,centiliter,,,,,,,,,,,,,,,,Oxford Advanced  Learner's Dictionary 8th Edition,
1370,root,,,centimeter,,,,,,,,,,,,,,,,Oxford Advanced  Learner's Dictionary 8th Edition,
1371,root,central reservation,median strip,,,,,,,,,,,,,,,,,Oxford Advanced  Learner's Dictionary 8th Edition,
1372,root,central reservations,median strips,,,,,,,,,,,,,,,,,Oxford Advanced  Learner's Dictionary 8th Edition,
1373,root,,median,,,,,,,,,,,,,,,,,Oxford Advanced  Learner's Dictionary 8th Edition,
1374,root,,,center back,,,,,,,,,,,,,,,,Oxford Advanced  Learner's Dictionary 8th Edition,
1375,root,,,center backs,,,,,,,,,,,,,,,,Oxford Advanced  Learner's Dictionary 8th Edition,
1376,root,,,center half,,,,,,,,,,,,,,,,Oxford Advanced  Learner's Dictionary 8th Edition,
1377,root,,,center halfs,,,,,,,,,,,,,,,,Oxford Advanced  Learner's Dictionary 8th Edition,
1378,root,,,center forward,,,,,,,,,,,,,,,,Oxford Advanced  Learner's Dictionary 8th Edition,
1379,root,,,center forwards,,,,,,,,,,,,,,,,Oxford Advanced  Learner's Dictionary 8th Edition,
1380,root,,,center-left,,,,,,,,,,,,,,,,Oxford Advanced  Learner's Dictionary 8th Edition,
1381,root,left-of-centre,,left-of-center,,,,,,,,,,,,,,,,Oxford Advanced  Learner's Dictionary 8th Edition,
1382,root,,,center-right,,,,,,,,,,,,,,,,Oxford Advanced  Learner's Dictionary 8th Edition,
1383,root,,,right-of-center,,,,,,,,,,,,,,,,Oxford Advanced  Learner's Dictionary 8th Edition,
1384,root,,,center spread,,,,,,,,,,,,,,,,Oxford Advanced  Learner's Dictionary 8th Edition,
1385,root,,,center stage,,,,,,,,,,,,,,,,Oxford Advanced  Learner's Dictionary 8th Edition,
1386,root,,,center stages,,,,,,,,,,,,,,,,Oxford Advanced  Learner's Dictionary 8th Edition,
1387,root,manoeuvre,,maneuver,,,,,,,,,,,,,,,,Oxford Advanced  Learner's Dictionary 8th Edition,
1388,root,manoeuvrable,,maneuvrable,,,,,,,,,,,,,,,,Oxford Advanced  Learner's Dictionary 8th Edition,
1389,root,manoeuvring,,maneuvring,,,,,,,,,,,,,,,,Oxford Advanced  Learner's Dictionary 8th Edition,
1390,root,nappy,diaper,,,,,,,,,,,,,,,,,Oxford Advanced  Learner's Dictionary 8th Edition,
1391,root,windscreen,windshield,,,,,,,,,,,,,,,,,Oxford Advanced  Learner's Dictionary 8th Edition,
1392,root,chemist,druggist,,,,,,,,,,,,,,,,,Oxford Advanced  Learner's Dictionary 8th Edition,
1393,root,cooker,,,,,,,,,,,,,,,,,,Oxford Advanced  Learner's Dictionary 8th Edition,
1394,root,aluminium,aluminum,,,,,,,,,,,,,,,,,Oxford Advanced  Learner's Dictionary 8th Edition,
1395,root,behove,behoove,,,,,,,,,,,,,,,,,Oxford Advanced  Learner's Dictionary 8th Edition,
1396,root,brent,,,,,,,,,,,,,,,,,,Merriam-Webster's Collegiate Dictionary Eleventh Edition,
1397,root,carburettor,carburetor,,,,,,,,,,,,,,,,,Oxford Advanced  Learner's Dictionary 8th Edition,
1398,root,eyrie,aerie,,,,,,,,,,,,,,,,,Oxford Advanced  Learner's Dictionary 8th Edition,
1399,root,fontanelle,,fontanel,,,,,,,,,,,,,,,,Oxford Advanced  Learner's Dictionary 8th Edition,
1400,root,furore,furor,,,,,,,,,,,,,,,,,Oxford Advanced  Learner's Dictionary 8th Edition,
1401,root,haulier,hauler,,,,,,,,,,,,,,,,,Oxford Advanced  Learner's Dictionary 8th Edition,
1402,root,jemmy,jimmy,,,,,,,,,,,,,,,,,Oxford Advanced  Learner's Dictionary 8th Edition,
1403,root,mum,mom,,,,,,,,,,,,,,,,,Merriam-Webster's Collegiate Dictionary Eleventh Edition,
1404,root,naivety,,naïveté,,,,,,,,,,,,,,,,Merriam-Webster's Collegiate Dictionary Eleventh Edition,
1405,root,neurone,,neuron,,,,,,,,,,,,,,,,Merriam-Webster's Collegiate Dictionary Eleventh Edition,
1406,root,orientated,,oriented,,,,,,,,,,,,,,,,Merriam-Webster's Collegiate Dictionary Eleventh Edition,
1407,root,pernickety,,persnickety,,,,,,,,,,,,,,,,Merriam-Webster's Collegiate Dictionary Eleventh Edition,
1408,root,cert,,,,,,,,,,,,,,,,,,Oxford Advanced  Learner's Dictionary 8th Edition,
1409,root,certificated,,,,,,,,,,,,,,,,,,Oxford Advanced  Learner's Dictionary 8th Edition,
1410,phrase,recorded delivery,certified mail,,,,,,,,,,,,,,,,,Oxford Advanced  Learner's Dictionary 8th Edition,
1411,phrase,recorded deliveries,certified mails,,,,,,,,,,,,,,,,,Oxford Advanced  Learner's Dictionary 8th Edition,
1412,phrase,chartered account,certified public account,,,,,,,,,,,,,,,,,Oxford Advanced  Learner's Dictionary 8th Edition,
1413,phrase,chartered accounts,certified public accounts,,,,,,,,,,,,,,,,,Oxford Advanced  Learner's Dictionary 8th Edition,
1414,phrase,cervical smear,,,,,,,,,,,,,,,,,,Oxford Advanced  Learner's Dictionary 8th Edition,
1415,phrase,cervical smears,,,,,,,,,,,,,,,,,,Oxford Advanced  Learner's Dictionary 8th Edition,
1416,root,Caesarean,,cesarean,,,,,,,,,,,,,,,,Oxford Advanced  Learner's Dictionary 8th Edition,
1417,root,,,cesarian,,,,,,,,,,,,,,,,Oxford Advanced  Learner's Dictionary 8th Edition,
1418,root,,,C-section,,,,,,,,,,,,,,,,Oxford Advanced  Learner's Dictionary 8th Edition,
1419,root,,,,,,,,,chacha,,,,,,,,,,Oxford Advanced  Learner's Dictionary 8th Edition,
1420,phrase,multiple store,,,,,,,,,,,,,,,,,,Oxford Advanced  Learner's Dictionary 8th Edition,
1421,phrase,multiple stores,,,,,,,,,,,,,,,,,,Oxford Advanced  Learner's Dictionary 8th Edition,
1422,root,calliper,caliper,,,,,,,,,,,,,,,,,Oxford Advanced  Learner's Dictionary 8th Edition,
1423,root,callisthenics,calisthenics,,,,,,,,,,,,,,,,,Oxford Advanced  Learner's Dictionary 8th Edition,
1424,phrase,phone box,call box,,,,,,,,,,,,,,,,,Oxford Advanced  Learner's Dictionary 8th Edition,
1425,phrase,phone boxes,call boxes,,,,,,,,,,,,,,,,,Oxford Advanced  Learner's Dictionary 8th Edition,
1426,root,phone-in,call-in,,,,,,,,,,,,,,,,,Oxford Advanced  Learner's Dictionary 8th Edition,
1427,phrase,visiting card,calling card,,,,,,,,,,,,,,,,,Oxford Advanced  Learner's Dictionary 8th Edition,
1428,phrase,visiting cards,calling cards,,,,,,,,,,,,,,,,,Oxford Advanced  Learner's Dictionary 8th Edition,
1429,phrase,,call letters,,,,,,,,,,,,,,,,,Oxford Advanced  Learner's Dictionary 8th Edition,
1430,phrase,Calor gas,,cooking gas,,,,,,,,,,,,,,,,Oxford Advanced  Learner's Dictionary 8th Edition,
1431,root,camomile,chamomile,,,,,,,,,,,,,,,,,Oxford Advanced  Learner's Dictionary 8th Edition,
1432,root,campsite,campground,,,,,,,,,,,,,,,,,Oxford Advanced  Learner's Dictionary 8th Edition,
1433,phrase,toffee apple,candy apple,,,,,,,,,,,,,,,,,Oxford Advanced  Learner's Dictionary 8th Edition,
1434,phrase,toffee apples,candy apples,,,,,,,,,,,,,,,,,Oxford Advanced  Learner's Dictionary 8th Edition,
1435,phrase,candy floss,cotton candy,,,,,,,,,,,,,,,,,Oxford Advanced  Learner's Dictionary 8th Edition,
1436,phrase,champagne socialist,,,,,,,,,,,,,,,,,,Oxford Advanced  Learner's Dictionary 8th Edition,
1437,phrase,champagne socialists,,,,,,,,,,,,,,,,,,Oxford Advanced  Learner's Dictionary 8th Edition,
1438,root,champers,,,,,,,,,,,,,,,,,,Oxford Advanced  Learner's Dictionary 8th Edition,
1439,phrase,,change purse,,,,,,,,,,,,,,,,,Oxford Advanced  Learner's Dictionary 8th Edition,
1440,phrase,,change purses,,,,,,,,,,,,,,,,,Oxford Advanced  Learner's Dictionary 8th Edition,
1441,phrase,changing room,,,,,,,,,,,,,,,,,,Oxford Advanced  Learner's Dictionary 8th Edition,
1442,phrase,changing rooms,,,,,,,,,,,,,,,,,,Oxford Advanced  Learner's Dictionary 8th Edition,
1443,root,shanty,,chanty,shanty,,,,,,,,,,,,,,,Oxford Advanced  Learner's Dictionary 8th Edition,
1444,root,,,chantey,,,,,,,,,,,,,,,,Oxford Advanced  Learner's Dictionary 8th Edition,
1445,root,chap,,,,,,,,,,,,,,,,,,Oxford Advanced  Learner's Dictionary 8th Edition,
1446,phrase,chapel of rest,,,,,,,,,,,,,,,,,,Oxford Advanced  Learner's Dictionary 8th Edition,
1447,phrase,chapels of rest,,,,,,,,,,,,,,,,,,Oxford Advanced  Learner's Dictionary 8th Edition,
1448,root,chaperon,,,,,,,,,,,,,,,,,,Oxford Advanced  Learner's Dictionary 8th Edition,
1449,root,charabanc,,,,,,,,,,,,,,,,,,Oxford Advanced  Learner's Dictionary 8th Edition,
1450,phrase,,charge account,,,,,,,,,,,,,,,,,Oxford Advanced  Learner's Dictionary 8th Edition,
1451,phrase,,charge accounts,,,,,,,,,,,,,,,,,Oxford Advanced  Learner's Dictionary 8th Edition,
1452,phrase,charge capping,,,,,,,,,,,,,,,,,,Oxford Advanced  Learner's Dictionary 8th Edition,
1453,phrase,charge nurse,,,,,,,,,,,,,,,,,,Oxford Advanced  Learner's Dictionary 8th Edition,
1454,phrase,charge nurses,,,,,,,,,,,,,,,,,,Oxford Advanced  Learner's Dictionary 8th Edition,
1455,phrase,charge sheet,,,,,,,,,,,,,,,,,,Oxford Advanced  Learner's Dictionary 8th Edition,
1456,phrase,charge sheets,,,,,,,,,,,,,,,,,,Oxford Advanced  Learner's Dictionary 8th Edition,
1457,phrase,charity shop,thrift shop,,,,,,,,,,,,,,,,,Oxford Advanced  Learner's Dictionary 8th Edition,
1458,phrase,charity shops,thrift shops,,,,,,,,,,,,,,,,,Oxford Advanced  Learner's Dictionary 8th Edition,
1459,phrase,,thrift store,,,,,,,,,,,,,,,,,Oxford Advanced  Learner's Dictionary 8th Edition,
1460,phrase,,thrift stores,,,,,,,,,,,,,,,,,Oxford Advanced  Learner's Dictionary 8th Edition,
1461,phrase,founder member,charter member,,,,,,,,,,,,,,,,,Oxford Advanced  Learner's Dictionary 8th Edition,
1462,phrase,founder members,charter members,,,,,,,,,,,,,,,,,Oxford Advanced  Learner's Dictionary 8th Edition,
1463,phrase,chat show,,,,,,,,,,,,,,,,,,Oxford Advanced  Learner's Dictionary 8th Edition,
1464,phrase,chat shows,,,,,,,,,,,,,,,,,,Oxford Advanced  Learner's Dictionary 8th Edition,
1465,root,chatty,,,,,,,,,,,,,,,,,,Oxford Advanced  Learner's Dictionary 8th Edition,
1466,root,chav,,,,,,,,,,,,,,,,,,Oxford Advanced  Learner's Dictionary 8th Edition,
1467,root,ChB,,,,,,,,,,,,,,,,,,Oxford Advanced  Learner's Dictionary 8th Edition,
1468,root,chequebook,,checkbook,,,,,,,,,,,,,,,,Oxford Advanced  Learner's Dictionary 8th Edition,
1469,root,tickbox,,,,,,,,,,,,,,,,,,Oxford Advanced  Learner's Dictionary 8th Edition,
1470,root,draughtboard,checkerboard,,,,,,,,,,,,,,,,,Oxford Advanced  Learner's Dictionary 8th Edition,
1471,root,,checkered,,,,,,,,,,,,,,,,,Oxford Advanced  Learner's Dictionary 8th Edition,
1472,root,draughts,checkers,,,,,,,,,,,,,,,,,Oxford Advanced  Learner's Dictionary 8th Edition,
1473,phrase,current account,,checking account,chequing account,,,,,,,,,,,,,,,Oxford Advanced  Learner's Dictionary 8th Edition,
1474,root,cheeky,,,,,,,,,,,,,,,,,,Oxford Advanced  Learner's Dictionary 8th Edition,
1475,root,cheerio,,,,,,,,,,,,,,,,,,Oxford Advanced  Learner's Dictionary 8th Edition,
1476,phrase,cheese straw,,,,,,,,,,,,,,,,,,Oxford Advanced  Learner's Dictionary 8th Edition,
1477,phrase,cheese straws,,,,,,,,,,,,,,,,,,Oxford Advanced  Learner's Dictionary 8th Edition,
1478,phrase,,chef's salad,,,,,,,,,,,,,,,,,Oxford Advanced  Learner's Dictionary 8th Edition,
1479,phrase,,chef salad,,,,,,,,,,,,,,,,,Oxford Advanced  Learner's Dictionary 8th Edition,
1480,phrase,Chelsea bun,,,,,,,,,,,,,,,,,,Oxford Advanced  Learner's Dictionary 8th Edition,
1481,phrase,Chelsea buns,,,,,,,,,,,,,,,,,,Oxford Advanced  Learner's Dictionary 8th Edition,
1482,phrase,Chelsea tractor,,,,,,,,,,,,,,,,,,Oxford Advanced  Learner's Dictionary 8th Edition,
1483,phrase,Chelsea tractors,,,,,,,,,,,,,,,,,,Oxford Advanced  Learner's Dictionary 8th Edition,
1484,root,cheque,,,,,,,,,,,,,,,,,,Oxford Advanced  Learner's Dictionary 8th Edition,
1485,phrase,,bureau dresser,,,,,,,,,,,,,,,,,Oxford Advanced  Learner's Dictionary 8th Edition,
1486,phrase,,bureau dressers,,,,,,,,,,,,,,,,,Oxford Advanced  Learner's Dictionary 8th Edition,
1487,root,chesty,,,,,,,,,,,,,,,,,,Oxford Advanced  Learner's Dictionary 8th Edition,
1488,root,,,chica,,,,,,,,,,,,,,,,Oxford Advanced  Learner's Dictionary 8th Edition,
1489,root,,,Chicana,,,,,,,,,,,,,,,,Oxford Advanced  Learner's Dictionary 8th Edition,
1490,root,chicane,,,,,,,,,,,,,,,,,,Oxford Advanced  Learner's Dictionary 8th Edition,
1491,root,,,Chicano,,,,,,,,,,,,,,,,Oxford Advanced  Learner's Dictionary 8th Edition,
1492,root,,chickenshit,,,,,,,,,,,,,,,,,Oxford Advanced  Learner's Dictionary 8th Edition,
1493,root,chickpea,garbanzo,,,,,,,,,,,,,,,,,Oxford Advanced  Learner's Dictionary 8th Edition,
1494,root,chicory,,,,,,,,,,,,,,,,,,Oxford Advanced  Learner's Dictionary 8th Edition,
1495,root,childminder,,,,,,,,,,,,,,,,,,Oxford Advanced  Learner's Dictionary 8th Edition,
1496,root,chilli,chili,,,,,,,,,,,,,,,,,Oxford Advanced  Learner's Dictionary 8th Edition,
1497,phrase,chimney breast,,,,,,,,,,,,,,,,,,Oxford Advanced  Learner's Dictionary 8th Edition,
1498,phrase,chimney breasts,,,,,,,,,,,,,,,,,,Oxford Advanced  Learner's Dictionary 8th Edition,
1499,phrase,chimney piece,,,,,,,,,,,,,,,,,,Oxford Advanced  Learner's Dictionary 8th Edition,
1500,phrase,chimney pieces,,,,,,,,,,,,,,,,,,Oxford Advanced  Learner's Dictionary 8th Edition,
1501,phrase,chimney pot,,,,,,,,,,,,,,,,,,Oxford Advanced  Learner's Dictionary 8th Edition,
1502,phrase,chimney pots,,,,,,,,,,,,,,,,,,Oxford Advanced  Learner's Dictionary 8th Edition,
1503,phrase,chimney stack,smoke stack,,,,,,,,,,,,,,,,,Oxford Advanced  Learner's Dictionary 8th Edition,
1504,phrase,chimney stacks,smoke stacks,,,,,,,,,,,,,,,,,Oxford Advanced  Learner's Dictionary 8th Edition,
1505,phrase,Chinese leaf,,,,,,,,,,,,,,,,,,Oxford Advanced  Learner's Dictionary 8th Edition,
1506,phrase,Chinese leaves,,,,,,,,,,,,,,,,,,Oxford Advanced  Learner's Dictionary 8th Edition,
1507,phrase,Chinese whispers,,,,,,,,,,,,,,,,,,Oxford Advanced  Learner's Dictionary 8th Edition,
1508,root,,chin-up,,,,,,,,,,,,,,,,,Oxford Advanced  Learner's Dictionary 8th Edition,
1509,root,chinwag,,,,,,,,,,,,,,,,,,Oxford Advanced  Learner's Dictionary 8th Edition,
1510,root,chiropodist,podiatrist,,,,,,,,,,,,,,,,,Oxford Advanced  Learner's Dictionary 8th Edition,
1511,root,chiropody,podiatry,,,,,,,,,,,,,,,,,Oxford Advanced  Learner's Dictionary 8th Edition,
1512,root,chit,,,,,,,,,,,,,,,,,,Oxford Advanced  Learner's Dictionary 8th Edition,
1513,root,chivvy,,,,,,,,,,,,,,,,,,Oxford Advanced  Learner's Dictionary 8th Edition,
1514,root,choc,,,,,,,,,,,,,,,,,,Oxford Advanced  Learner's Dictionary 8th Edition,
1515,phrase,choc ice,,,,,,,,,,,,,,,,,,Oxford Advanced  Learner's Dictionary 8th Edition,
1516,phrase,choc ices,,,,,,,,,,,,,,,,,,Oxford Advanced  Learner's Dictionary 8th Edition,
1517,root,,,,,chook,chook,,,,,,,,,,,,,Oxford Advanced  Learner's Dictionary 8th Edition,
1518,root,chop-chop,,,,,,,,,,,,,,,,,,Oxford Advanced  Learner's Dictionary 8th Edition,
1519,phrase,chopping board,cutting board,,,,,,,,,,,,,,,,,Oxford Advanced  Learner's Dictionary 8th Edition,
1520,phrase,chopping boards,cutting boards,,,,,,,,,,,,,,,,,Oxford Advanced  Learner's Dictionary 8th Edition,
1521,root,,,,,,,,,chowk,,,,,,,,,,Oxford Advanced  Learner's Dictionary 8th Edition,
1522,root,Chrimbo,,,,,,,,,,,,,,,,,,Oxford Advanced  Learner's Dictionary 8th Edition,
1523,root,Crimbo,,,,,,,,,,,,,,,,,,Oxford Advanced  Learner's Dictionary 8th Edition,
1524,phrase,Christian name,,,,,,,,,,,,,,,,,,Oxford Advanced  Learner's Dictionary 8th Edition,
1525,phrase,Christian names,,,,,,,,,,,,,,,,,,Oxford Advanced  Learner's Dictionary 8th Edition,
1526,phrase,Christmas box,,,,,,,,,,,,,,,,,,Oxford Advanced  Learner's Dictionary 8th Edition,
1527,phrase,Christmas boxes,,,,,,,,,,,,,,,,,,Oxford Advanced  Learner's Dictionary 8th Edition,
1528,root,ME,,,,,,,,,,,,,,,,,,Oxford Advanced  Learner's Dictionary 8th Edition,
1529,phrase,myalgic encephalomyelitics,,,,,,,,,,,,,,,,,,Oxford Advanced  Learner's Dictionary 8th Edition,
1530,phrase,chucker out,,,,,,,,,,,,,,,,,,Oxford Advanced  Learner's Dictionary 8th Edition,
1531,phrase,chucker outs,,,,,,,,,,,,,,,,,,Oxford Advanced  Learner's Dictionary 8th Edition,
1532,root,chunter,,,,,,,,,,,,,,,,,,Oxford Advanced  Learner's Dictionary 8th Edition,
1533,root,,hardcider,,,,,,,,,,,,,,,,,Oxford Advanced  Learner's Dictionary 8th Edition,
1534,phrase,cigarette end,,,,,,,,,,,,,,,,,,Oxford Advanced  Learner's Dictionary 8th Edition,
1535,phrase,cigarette ends,,,,,,,,,,,,,,,,,,Oxford Advanced  Learner's Dictionary 8th Edition,
1536,phrase,breeze block,cinder block,,,,,,,,,,,,,,,,,Oxford Advanced  Learner's Dictionary 8th Edition,
1537,phrase,breeze blocks,cinder blocks,,,,,,,,,,,,,,,,,Oxford Advanced  Learner's Dictionary 8th Edition,
1538,root,cinema-goer,,,,,,,,,,,,,,,,,,Oxford Advanced  Learner's Dictionary 8th Edition,
1539,phrase,,buzz saw,,,,,,,,,,,,,,,,,Oxford Advanced  Learner's Dictionary 8th Edition,
1540,phrase,,buzz saws,,,,,,,,,,,,,,,,,Oxford Advanced  Learner's Dictionary 8th Edition,
1541,root,cissy,,,,,,,,,,,,,,,,,,Oxford Advanced  Learner's Dictionary 8th Edition,
1542,root,cistern,,,,,,,,,,,,,,,,,,Oxford Advanced  Learner's Dictionary 8th Edition,
1543,phrase,city gent,,,,,,,,,,,,,,,,,,Oxford Advanced  Learner's Dictionary 8th Edition,
1544,phrase,city gents,,,,,,,,,,,,,,,,,,Oxford Advanced  Learner's Dictionary 8th Edition,
1545,phrase,,city hall,,,,,,,,,,,,,,,,,Oxford Advanced  Learner's Dictionary 8th Edition,
1546,phrase,,city halls,,,,,,,,,,,,,,,,,Oxford Advanced  Learner's Dictionary 8th Edition,
1547,phrase,,gas pedal,,,,,,,,,,,,,,,,,Oxford Advanced  Learner's Dictionary 8th Edition,
1548,phrase,,gas pedals,,,,,,,,,,,,,,,,,Oxford Advanced  Learner's Dictionary 8th Edition,
1549,root,accelerator,,,,,,,,,,,,,,,,,,Oxford Advanced  Learner's Dictionary 8th Edition,
1550,phrase,,horse trailer,,,,,,,,,,,,,,,,,Oxford Advanced  Learner's Dictionary 8th Edition,
1551,phrase,,horse trailers,,,,,,,,,,,,,,,,,Oxford Advanced  Learner's Dictionary 8th Edition,
1552,phrase,crash barrier,guard rail,,,,,,,,,,,,,,,,,Oxford Advanced  Learner's Dictionary 8th Edition,
1553,phrase,crash barriers,guard rails,,,,,,,,,,,,,,,,,Oxford Advanced  Learner's Dictionary 8th Edition,
1554,root,,,,,,,,,,,,,,,,,,,Oxford Advanced  Learner's Dictionary 8th Edition,
1555,phrase,,tail pipe,,,,,,,,,,,,,,,,,Oxford Advanced  Learner's Dictionary 8th Edition,
1556,phrase,,tail pipes,,,,,,,,,,,,,,,,,Oxford Advanced  Learner's Dictionary 8th Edition,
1557,phrase,,fire truck,,,,,,,,,,,,,,,,,Oxford Advanced  Learner's Dictionary 8th Edition,
1558,phrase,,fire trucks,,,,,,,,,,,,,,,,,Oxford Advanced  Learner's Dictionary 8th Edition,
1559,phrase,gear lever,gear shift,,,,,,,,,,,,,,,,,Oxford Advanced  Learner's Dictionary 8th Edition,
1560,phrase,gear levers,gear shifts,,,,,,,,,,,,,,,,,Oxford Advanced  Learner's Dictionary 8th Edition,
1561,phrase,,stick shift,,,,,,,,,,,,,,,,,Oxford Advanced  Learner's Dictionary 8th Edition,
1562,phrase,,stick shifts,,,,,,,,,,,,,,,,,Oxford Advanced  Learner's Dictionary 8th Edition,
1563,root,gearstick,,,,,,,,,,,,,,,,,,Oxford Advanced  Learner's Dictionary 8th Edition,
1564,phrase,,turn signal,,,,,,,,,,,,,,,,,Oxford Advanced  Learner's Dictionary 8th Edition,
1565,phrase,,turn signals,,,,,,,,,,,,,,,,,Oxford Advanced  Learner's Dictionary 8th Edition,
1566,phrase,jump lead,jumper cable,,,,,,,,,,,,,,,,,Oxford Advanced  Learner's Dictionary 8th Edition,
1567,phrase,jump leads,jumper cables,,,,,,,,,,,,,,,,,Oxford Advanced  Learner's Dictionary 8th Edition,
1568,root,,semi-trailer,,,,,,,,,,,,,,,,,Oxford Advanced  Learner's Dictionary 8th Edition,
1569,phrase,articulated lorry,,,,,,,,,,,,,,,,,,Oxford Advanced  Learner's Dictionary 8th Edition,
1570,phrase,articulated lorries,,,,,,,,,,,,,,,,,,Oxford Advanced  Learner's Dictionary 8th Edition,
1571,phrase,heavy goods vehicle,,,,,,,,,,,,,,,,,,Oxford Advanced  Learner's Dictionary 8th Edition,
1572,phrase,heavy goods vehicles,,,,,,,,,,,,,,,,,,Oxford Advanced  Learner's Dictionary 8th Edition,
1573,phrase,marshalling yard,,,,,,,,,,,,,,,,,,Oxford Advanced  Learner's Dictionary 8th Edition,
1574,phrase,marshalling yards,,,,,,,,,,,,,,,,,,Oxford Advanced  Learner's Dictionary 8th Edition,
1575,root,semimetal,,,,,,,,,,,,,,,,,,Oxford Advanced  Learner's Dictionary 8th Edition,
1576,phrase,people carrier,,,,,,,,,,,,,,,,,,Oxford Advanced  Learner's Dictionary 8th Edition,
1577,phrase,people carriers,,,,,,,,,,,,,,,,,,Oxford Advanced  Learner's Dictionary 8th Edition,
1578,phrase,people mover,,,,,,,,,,,,,,,,,,Oxford Advanced  Learner's Dictionary 8th Edition,
1579,phrase,people movers,,,,,,,,,,,,,,,,,,Oxford Advanced  Learner's Dictionary 8th Edition,
1580,phrase,number plate,license plate,,,,,,,,,,,,,,,,,Oxford Advanced  Learner's Dictionary 8th Edition,
1581,phrase,number plates,license plates,,,,,,,,,,,,,,,,,Oxford Advanced  Learner's Dictionary 8th Edition,
1582,phrase,zebra crossing,,,,,,,,,,,,,,,,,,Oxford Advanced  Learner's Dictionary 8th Edition,
1583,phrase,zebra crossings,,,,,,,,,,,,,,,,,,Oxford Advanced  Learner's Dictionary 8th Edition,
1584,phrase,pelican crossing,,,,,,,,,,,,,,,,,,Oxford Advanced  Learner's Dictionary 8th Edition,
1585,phrase,pelican crossings,,,,,,,,,,,,,,,,,,Oxford Advanced  Learner's Dictionary 8th Edition,
1586,phrase,panda car,,,,,,,,,,,,,,,,,,Oxford Advanced  Learner's Dictionary 8th Edition,
1587,phrase,panda cars,,,,,,,,,,,,,,,,,,Oxford Advanced  Learner's Dictionary 8th Edition,
1588,phrase,public transport,public transportation,,,,,,,,,,,,,,,,,Oxford Advanced  Learner's Dictionary 8th Edition,
1589,phrase,,public television,,,,,,,,,,,,,,,,,Oxford Advanced  Learner's Dictionary 8th Edition,
1590,phrase,racing car,race car,,,,,,,,,,,,,,,,,Oxford Advanced  Learner's Dictionary 8th Edition,
1591,phrase,racing cars,race cars,,,,,,,,,,,,,,,,,Oxford Advanced  Learner's Dictionary 8th Edition,
1592,phrase,building site,construcitn site,,,,,,,,,,,,,,,,,Oxford Advanced  Learner's Dictionary 8th Edition,
1593,phrase,building sites,construcitn sites,,,,,,,,,,,,,,,,,Oxford Advanced  Learner's Dictionary 8th Edition,
1594,phrase,,traffic circle,,,,,,,,,,,,,,,,,Oxford Advanced  Learner's Dictionary 8th Edition,
1595,phrase,,traffic circles,,,,,,,,,,,,,,,,,Oxford Advanced  Learner's Dictionary 8th Edition,
1596,root,roundabout,rotary,,,,,,,,,,,,,,,,,Oxford Advanced  Learner's Dictionary 8th Edition,
1597,phrase,transport café,truck stop,,,,,,,,,,,,,,,,,Oxford Advanced  Learner's Dictionary 8th Edition,
1598,phrase,transport cafés,truck stops,,,,,,,,,,,,,,,,,Oxford Advanced  Learner's Dictionary 8th Edition,
1599,root,,tractor-trailer,,,,,,,,,,,,,,,,,Oxford Advanced  Learner's Dictionary 8th Edition,
1600,phrase,,trailer truck,,,,,,,,,,,,,,,,,Oxford Advanced  Learner's Dictionary 8th Edition,
1601,phrase,,trailer trucks,,,,,,,,,,,,,,,,,Oxford Advanced  Learner's Dictionary 8th Edition,
1602,root,,crosswalk,,,,,,,,,,,,,,,,,Oxford Advanced  Learner's Dictionary 8th Edition,
1603,phrase,pedestrian crossing,,,,,,,,,,,,,,,,,,Oxford Advanced  Learner's Dictionary 8th Edition,
1604,phrase,pedestrian crossings,,,,,,,,,,,,,,,,,,Oxford Advanced  Learner's Dictionary 8th Edition,
1605,root,litre,liter,,,,,,,,,,,,,,,,,Oxford Advanced  Learner's Dictionary 8th Edition,
1606,root,lustre,,luster,,,,,,,,,,,,,,,,Oxford Advanced  Learner's Dictionary 8th Edition,
1607,root,meagre,,meager,,,,,,,,,,,,,,,,Oxford Advanced  Learner's Dictionary 8th Edition,
1608,root,mitre,,miter,,,,,,,,,,,,,,,,Oxford Advanced  Learner's Dictionary 8th Edition,
1609,root,ochre,,ocher,,,,,,,,,,,,,,,,Oxford Advanced  Learner's Dictionary 8th Edition,
1610,root,reconnoitre,,reconnoiter,,,,,,,,,,,,,,,,Oxford Advanced  Learner's Dictionary 8th Edition,
1611,root,sabre,,saber,,,,,,,,,,,,,,,,Oxford Advanced  Learner's Dictionary 8th Edition,
1612,root,saltpetre,,saltpeter,,,,,,,,,,,,,,,,Oxford Advanced  Learner's Dictionary 8th Edition,
1613,root,sepulchre,,sepulcher,,,,,,,,,,,,,,,,Oxford Advanced  Learner's Dictionary 8th Edition,
1614,root,sombre,,somber,,,,,,,,,,,,,,,,Oxford Advanced  Learner's Dictionary 8th Edition,
1615,root,spectre,,specter,,,,,,,,,,,,,,,,Oxford Advanced  Learner's Dictionary 8th Edition,
1616,root,theatre,,theater,,,,,,,,,,,,,,,,Oxford Advanced  Learner's Dictionary 8th Edition,
1617,root,goitre,,goiter,,,,,,,,,,,,,,,,Oxford Advanced  Learner's Dictionary 8th Edition,
1618,root,anaesthesia,,anesthesia,,,,,,,,,,,,,,,,Oxford Advanced  Learner's Dictionary 8th Edition,
1619,root,encyclopaedia,,,,,,,,,,,,,,,,,,Oxford Advanced  Learner's Dictionary 8th Edition,
1620,root,faeces,feces,,,,,,,,,,,,,,,,,Oxford Advanced  Learner's Dictionary 8th Edition,
1621,root,faecal,fecal,,,,,,,,,,,,,,,,,Oxford Advanced  Learner's Dictionary 8th Edition,
1622,root,foetal,,,,,,,,,,,,,,,,,,Oxford Advanced  Learner's Dictionary 8th Edition,
1623,root,gynaecology,gynecology,,,,,,,,,,,,,,,,,Oxford Advanced  Learner's Dictionary 8th Edition,
1624,root,gynaecological,gynecological,,,,,,,,,,,,,,,,,Oxford Advanced  Learner's Dictionary 8th Edition,
1625,root,gynaecologist,gynecologist,,,,,,,,,,,,,,,,,Oxford Advanced  Learner's Dictionary 8th Edition,
1626,root,haemoglobin,hemoglobin,,,,,,,,,,,,,,,,,Oxford Advanced  Learner's Dictionary 8th Edition,
1627,root,haemophilia,hemophilia,,,,,,,,,,,,,,,,,Oxford Advanced  Learner's Dictionary 8th Edition,
1628,root,haemophiliac,hemophiliac,,,,,,,,,,,,,,,,,Oxford Advanced  Learner's Dictionary 8th Edition,
1629,root,haemoorrhage,hemoorrhage,,,,,,,,,,,,,,,,,Oxford Advanced  Learner's Dictionary 8th Edition,
1630,root,haemoorrhagic,hemoorrhagic,,,,,,,,,,,,,,,,,Oxford Advanced  Learner's Dictionary 8th Edition,
1631,root,haemoorrhoids,hemoorrhoids,,,,,,,,,,,,,,,,,Oxford Advanced  Learner's Dictionary 8th Edition,
1632,root,oestrogen,estrogen,,,,,,,,,,,,,,,,,Oxford Advanced  Learner's Dictionary 8th Edition,
1633,root,oestrus,estrus,,,,,,,,,,,,,,,,,Oxford Advanced  Learner's Dictionary 8th Edition,
1634,root,orthopaedic,,orthopedic,,,,,,,,,,,,,,,,Oxford Advanced  Learner's Dictionary 8th Edition,
1635,root,orthopaedics,,orthopedics,,,,,,,,,,,,,,,,Oxford Advanced  Learner's Dictionary 8th Edition,
1636,root,palaeontology,paleontology,,,,,,,,,,,,,,,,,Oxford Advanced  Learner's Dictionary 8th Edition,
1637,root,palaeontologist,paleontologist,,,,,,,,,,,,,,,,,Oxford Advanced  Learner's Dictionary 8th Edition,
1638,root,palaeography,paleography,,,,,,,,,,,,,,,,,Oxford Advanced  Learner's Dictionary 8th Edition,
1639,root,palaeographer,paleographwe,,,,,,,,,,,,,,,,,Oxford Advanced  Learner's Dictionary 8th Edition,
1640,root,palatalise,,,,,,,,,,,,,,,,,,Oxford Advanced  Learner's Dictionary 8th Edition,
1641,root,paederast,,,,,,,,,,,,,,,,,,Oxford Advanced  Learner's Dictionary 8th Edition,
1642,root,paederasty,,,,,,,,,,,,,,,,,,Oxford Advanced  Learner's Dictionary 8th Edition,
1643,root,paediatric,pediatric,,,,,,,,,,,,,,,,,Oxford Advanced  Learner's Dictionary 8th Edition,
1644,root,paediatrics,pediatrics,,,,,,,,,,,,,,,,,Oxford Advanced  Learner's Dictionary 8th Edition,
1645,root,paediatrician,pediatrician,,,,,,,,,,,,,,,,,Oxford Advanced  Learner's Dictionary 8th Edition,
1646,root,paedophile,pedophile,,,,,,,,,,,,,,,,,Oxford Advanced  Learner's Dictionary 8th Edition,
1647,root,paedophilia,pedophilia,,,,,,,,,,,,,,,,,Oxford Advanced  Learner's Dictionary 8th Edition,
1648,root,oesophagus,esophagus,,,,,,,,,,,,,,,,,Oxford Advanced  Learner's Dictionary 8th Edition,
1649,root,haematite,hematite,,,,,,,,,,,,,,,,,Oxford Advanced  Learner's Dictionary 8th Edition,
1650,root,haematology,hematology,,,,,,,,,,,,,,,,,Oxford Advanced  Learner's Dictionary 8th Edition,
1651,root,haematological,hematological,,,,,,,,,,,,,,,,,Oxford Advanced  Learner's Dictionary 8th Edition,
1652,root,haematologist,hematologist,,,,,,,,,,,,,,,,,Oxford Advanced  Learner's Dictionary 8th Edition,
1653,root,haematoma,hematoma,,,,,,,,,,,,,,,,,Oxford Advanced  Learner's Dictionary 8th Edition,
1654,root,,hydroplanning,,,,,,,,,,,,,,,,,Oxford Advanced  Learner's Dictionary 8th Edition,
1655,phrase,fall in with,,,,,,,,,,,,,,,,,,Oxford Advanced  Learner's Dictionary 8th Edition,
1656,phrase,falls in with,,,,,,,,,,,,,,,,,,Oxford Advanced  Learner's Dictionary 8th Edition,
1657,phrase,fell in with,,,,,,,,,,,,,,,,,,Oxford Advanced  Learner's Dictionary 8th Edition,
1658,phrase,fallen in with,,,,,,,,,,,,,,,,,,Oxford Advanced  Learner's Dictionary 8th Edition,
1659,phrase,go round the bend,,,,,,,,,,,,,,,,,,Oxford Advanced  Learner's Dictionary 8th Edition,
1660,phrase,goes round the bend,,,,,,,,,,,,,,,,,,Oxford Advanced  Learner's Dictionary 8th Edition,
1661,phrase,went round the bend,,,,,,,,,,,,,,,,,,Oxford Advanced  Learner's Dictionary 8th Edition,
1662,phrase,gone round the bend,,,,,,,,,,,,,,,,,,Oxford Advanced  Learner's Dictionary 8th Edition,
1663,phrase,go round the twist,,,,,,,,,,,,,,,,,,Oxford Advanced  Learner's Dictionary 8th Edition,
1664,phrase,goes round the twist,,,,,,,,,,,,,,,,,,Oxford Advanced  Learner's Dictionary 8th Edition,
1665,phrase,went round the twist,,,,,,,,,,,,,,,,,,Oxford Advanced  Learner's Dictionary 8th Edition,
1666,phrase,gone round the twist,,,,,,,,,,,,,,,,,,Oxford Advanced  Learner's Dictionary 8th Edition,
1667,root,,RV,,,,,,,,,,,,,,,,,Oxford Advanced  Learner's Dictionary 8th Edition,
1668,phrase,,recreational vehicle,,,,,,,,,,,,,,,,,Oxford Advanced  Learner's Dictionary 8th Edition,
1669,phrase,,recreational vehicles,,,,,,,,,,,,,,,,,Oxford Advanced  Learner's Dictionary 8th Edition,
1670,inflection,,blinders,,,,,,,,,,,,,,,,,Oxford Advanced  Learner's Dictionary 8th Edition,
1671,root,lorry,,,,,,,,,,,,,,,,,,Oxford Advanced  Learner's Dictionary 8th Edition,
1672,root,HGV,,,,,,,,,,,,,,,,,,Oxford Advanced  Learner's Dictionary 8th Edition,
1673,root,,expressway,,,,,,,,,,,,,,,,,Oxford Advanced  Learner's Dictionary 8th Edition,
1674,root,mudguard,fender,,,,,,,,,,,,,,,,,Oxford Advanced  Learner's Dictionary 8th Edition,
1675,root,,minivan,,,,,,,,,,,,,,,,,Oxford Advanced  Learner's Dictionary 8th Edition,
1676,root,footpath,,,,,,,,,,,,,,,,,,Oxford Advanced  Learner's Dictionary 8th Edition,
1677,root,,sidewalk,,,,,,,,,,,,,,,,,Oxford Advanced  Learner's Dictionary 8th Edition,
1678,root,petrol,gasoline,,,,,,,,,,,,,,,,,Oxford Advanced  Learner's Dictionary 8th Edition,
1679,phrase,railway line,,,,,,,,,,,,,,,,,,Oxford Advanced  Learner's Dictionary 8th Edition,
1680,phrase,railway lines,,,,,,,,,,,,,,,,,,Oxford Advanced  Learner's Dictionary 8th Edition,
1681,root,,sedan,,,,,,,,,,,,,,,,,Oxford Advanced  Learner's Dictionary 8th Edition,
1682,root,spanner,,,,,,,,,,,,,,,,,,Oxford Advanced  Learner's Dictionary 8th Edition,
1683,root,minicab,,,,,,,,,,,,,,,,,,Oxford Advanced  Learner's Dictionary 8th Edition,
1684,root,tram,,streetcar,,,,,,,,,,,,,,,,Oxford Advanced  Learner's Dictionary 8th Edition,
1685,root,tramcar,,,,,,,,,,,,,,,,,,Oxford Advanced  Learner's Dictionary 8th Edition,
1686,inflection,,,buses,,,,,,,,,,,,,,,,Oxford Advanced  Learner's Dictionary 8th Edition,
1687,inflection,,,counselor,,,,,,,,,,,,,,,,Oxford Advanced  Learner's Dictionary 8th Edition,
1688,inflection,,labeled,,,,,,,,,,,,,,,,,Oxford Advanced  Learner's Dictionary 8th Edition,
1689,inflection,,,traveler,,,,,,,,,,,,,,,,Oxford Advanced  Learner's Dictionary 8th Edition,
1690,inflection,,,traveling,,,,,,,,,,,,,,,,Oxford Advanced  Learner's Dictionary 8th Edition,
1691,inflection,roadworks,roadwork,,,,,,,,,,,,,,,,,Oxford Advanced  Learner's Dictionary 8th Edition,
1692,phrase,,road trip,,,,,,,,,,,,,,,,,Oxford Advanced  Learner's Dictionary 8th Edition,
1693,phrase,,road trips,,,,,,,,,,,,,,,,,Oxford Advanced  Learner's Dictionary 8th Edition,
1694,phrase,driving licence,driver's license,,,,,,,,,,,,,,,,,Oxford Advanced  Learner's Dictionary 8th Edition,
1695,phrase,driving licences,driver's licenses,,,,,,,,,,,,,,,,,Oxford Advanced  Learner's Dictionary 8th Edition,
1696,phrase,dual carriageway,divided highway,,,,,,,,,,,,,,,,,Oxford Advanced  Learner's Dictionary 8th Edition,
1697,phrase,dual carriageways,divided highways,,,,,,,,,,,,,,,,,Oxford Advanced  Learner's Dictionary 8th Edition,
1698,phrase,estate car,station wagon,,,,,,,,,,,,,,,,,Oxford Advanced  Learner's Dictionary 8th Edition,
1699,phrase,estate cars,station wagons,,,,,,,,,,,,,,,,,Oxford Advanced  Learner's Dictionary 8th Edition,
1700,phrase,goods train,,,,,,,,,,,,,,,,,,Oxford Advanced  Learner's Dictionary 8th Edition,
1701,phrase,goods trains,,,,,,,,,,,,,,,,,,Oxford Advanced  Learner's Dictionary 8th Edition,
1702,phrase,,freight car,,,,,,,,,,,,,,,,,Oxford Advanced  Learner's Dictionary 8th Edition,
1703,phrase,,freight cars,,,,,,,,,,,,,,,,,Oxford Advanced  Learner's Dictionary 8th Edition,
1704,phrase,,real estate agent,,,,,,,,,,,,,,,,,Oxford Advanced  Learner's Dictionary 8th Edition,
1705,phrase,,real estate agents,,,,,,,,,,,,,,,,,Oxford Advanced  Learner's Dictionary 8th Edition,
1706,root,,Realtor,,,,,,,,,,,,,,,,,Oxford Advanced  Learner's Dictionary 8th Edition,
1707,phrase,,estate sale,,,,,,,,,,,,,,,,,Oxford Advanced  Learner's Dictionary 8th Edition,
1708,phrase,,estate sales,,,,,,,,,,,,,,,,,Oxford Advanced  Learner's Dictionary 8th Edition,
1709,phrase,,estate tax,,,,,,,,,,,,,,,,,Oxford Advanced  Learner's Dictionary 8th Edition,
1710,phrase,,estate taxes,,,,,,,,,,,,,,,,,Oxford Advanced  Learner's Dictionary 8th Edition,
1711,phrase,in future,in the future,,,,,,,,,,,,,,,,,Oxford Advanced  Learner's Dictionary 8th Edition,
1712,phrase,,back to front,,,,,,,,,,,,,,,,,Oxford Advanced  Learner's Dictionary 8th Edition,
1713,phrase,back onto,,,,,,,,,,,,,,,,,,Oxford Advanced  Learner's Dictionary 8th Edition,
1714,phrase,backs onto,,,,,,,,,,,,,,,,,,Oxford Advanced  Learner's Dictionary 8th Edition,
1715,phrase,backed onto,,,,,,,,,,,,,,,,,,Oxford Advanced  Learner's Dictionary 8th Edition,
1716,phrase,backing onto,,,,,,,,,,,,,,,,,,Oxford Advanced  Learner's Dictionary 8th Edition,
1717,root,haem,,,,,,,,,,,,,,,,,,Merriam-Webster's Collegiate Dictionary Eleventh Edition,
1718,root,,,,,,,hae,,,,,,,,,,,,Merriam-Webster's Collegiate Dictionary Eleventh Edition,
1719,root,hypercythaemia,,,,,,,,,,,,,,,,,,https://www.merriam-webster.com/dictionary/hypercythaemia,
1720,root,hypercythaemic,,,,,,,,,,,,,,,,,,https://www.merriam-webster.com/dictionary/hypercythaemic,
1721,root,hypocythaemia,,,,,,,,,,,,,,,,,,https://www.merriam-webster.com/dictionary/hypocythaemia,
1722,root,lithaemia,,,,,,,,,,,,,,,,,,https://www.merriam-webster.com/dictionary/lithaemia,
1723,root,lithaemic,,,,,,,,,,,,,,,,,,https://www.merriam-webster.com/dictionary/lithaemic,
1724,root,microcythaemia,,,,,,,,,,,,,,,,,,https://www.merriam-webster.com/dictionary/microcythaemia,
1725,root,microcythaemic,,,,,,,,,,,,,,,,,,https://www.merriam-webster.com/dictionary/microcythaemic,
1726,root,oligocythaemia,,,,,,,,,,,,,,,,,,https://www.merriam-webster.com/dictionary/oligocythaemia,
1727,root,oligocythaemic,,,,,,,,,,,,,,,,,,https://www.merriam-webster.com/dictionary/oligocythaemic,
1728,root,catalyse,,,,,,,,,,,,,,,,,,https://www.merriam-webster.com/dictionary/catalyse,
1729,root,catalyser,,,,,,,,,,,,,,,,,,https://www.merriam-webster.com/dictionary/catalyser,
1730,root,analyser,,,,,,,,,,,,,,,,,,https://www.merriam-webster.com/dictionary/analyser,
1731,root,electrodialyse,,,,,,,,,,,,,,,,,,https://www.merriam-webster.com/dictionary/electrodialyse,
1732,root,electrodialyser,,,,,,,,,,,,,,,,,,https://www.merriam-webster.com/dictionary/electrodialyser,
1733,root,electrolyse,,,,,,,,,,,,,,,,,,https://www.merriam-webster.com/dictionary/electrolyse,
1734,root,haemolyse,,,,,,,,,,,,,,,,,,https://www.merriam-webster.com/dictionary/haemolyse,
1735,root,hydrolyse,,,,,,,,,,,,,,,,,,https://www.merriam-webster.com/dictionary/hydrolyse,
1736,root,photocatalyse,,,,,,,,,,,,,,,,,,https://www.merriam-webster.com/dictionary/photocatalyse,
1737,root,photolyse,,,,,,,,,,,,,,,,,,https://www.merriam-webster.com/dictionary/photolyse,
1738,root,photolysable,,,,,,,,,,,,,,,,,,https://www.merriam-webster.com/dictionary/photolysable,
1739,root,plasmolyse,,,,,,,,,,,,,,,,,,https://www.merriam-webster.com/dictionary/plasmolyse,
1740,root,psychoanalyse,,,,,,,,,,,,,,,,,,https://www.merriam-webster.com/dictionary/psychoanalyse,
1741,root,dialysable,,,,,,,,,,,,,,,,,,https://www.merriam-webster.com/dictionary/dialysable,
1742,root,hydrolysable,,,,,,,,,,,,,,,,,,https://www.merriam-webster.com/dictionary/hydrolysable,
1743,root,nondialysable,,,,,,,,,,,,,,,,,,https://www.merriam-webster.com/dictionary/nondialysable,
1744,root,plasmolysable,,,,,,,,,,,,,,,,,,https://www.merriam-webster.com/dictionary/plasmolysable,
1745,root,microanalyser,,,,,,,,,,,,,,,,,,https://www.merriam-webster.com/dictionary/microanalyser,
1746,root,paralysant,,,,,,,,,,,,,,,,,,https://www.merriam-webster.com/dictionary/paralysant,
1747,root,haemodialyser,,,,,,,,,,,,,,,,,,https://www.merriam-webster.com/dictionary/haemodialyser,
1748,phrase,,,,civic holiday,,,,,,,,,,,,,,,Oxford Advanced  Learner's Dictionary 8th Edition,
1749,phrase,,,,civic holidays,,,,,,,,,,,,,,,Oxford Advanced  Learner's Dictionary 8th Edition,
1750,root,,clambake,,,,,,,,,,,,,,,,,Oxford Advanced  Learner's Dictionary 8th Edition,
1751,root,clanger,,,,,,,,,,,,,,,,,,Oxford Advanced  Learner's Dictionary 8th Edition,
1752,phrase,clapped out,,,,,,,,,,,,,,,,,,Oxford Advanced  Learner's Dictionary 8th Edition,
1753,root,,clarinetist,,,,,,,,,,,,,,,,,Oxford Advanced  Learner's Dictionary 8th Edition,
1754,phrase,,class action,,,,,,,,,,,,,,,,,Oxford Advanced  Learner's Dictionary 8th Edition,
1755,phrase,,class actions,,,,,,,,,,,,,,,,,Oxford Advanced  Learner's Dictionary 8th Edition,
1756,phrase,small ads,,,,,,,,,,,,,,,,,,Oxford Advanced  Learner's Dictionary 8th Edition,
1757,root,clawback,,,,,,,,,,,,,,,,,,Oxford Advanced  Learner's Dictionary 8th Edition,
1758,phrase,clay pigeion shooting,skeet shooting,,,,,,,,,,,,,,,,,Oxford Advanced  Learner's Dictionary 8th Edition,
1759,root,clear-up,,,,,,,,,,,,,,,,,,Oxford Advanced  Learner's Dictionary 8th Edition,
1760,phrase,clerk of works,,,,,,,,,,,,,,,,,,Oxford Advanced  Learner's Dictionary 8th Edition,
1761,phrase,clerks of works,,,,,,,,,,,,,,,,,,Oxford Advanced  Learner's Dictionary 8th Edition,
1762,phrase,clever Dick,,,,,,,,,,,,,,,,,,Oxford Advanced  Learner's Dictionary 8th Edition,
1763,phrase,clever Dicks,,,,,,,,,,,,,,,,,,Oxford Advanced  Learner's Dictionary 8th Edition,
1764,phrase,clever clogs,,,,,,,,,,,,,,,,,,Oxford Advanced  Learner's Dictionary 8th Edition,
1765,root,climbdown,,,,,,,,,,,,,,,,,,Oxford Advanced  Learner's Dictionary 8th Edition,
1766,phrase,climbing frame,jungle gym,,,,,,,,,,,,,,,,,Oxford Advanced  Learner's Dictionary 8th Edition,
1767,phrase,climbing frames,jungle gyms,,,,,,,,,,,,,,,,,Oxford Advanced  Learner's Dictionary 8th Edition,
1768,phrase,cling film,plastic wrap,,,,,,,,,,,,,,,,,Oxford Advanced  Learner's Dictionary 8th Edition,
1769,phrase,cling films,,,,,,,,,,,,,,,,,,Oxford Advanced  Learner's Dictionary 8th Edition,
1770,phrase,,Saran Wrap,,,,,,,,,,,,,,,,,Oxford Advanced  Learner's Dictionary 8th Edition,
1771,root,Cllr,,,,,,,,,,,,,,,,,,Oxford Advanced  Learner's Dictionary 8th Edition,
1772,root,clonk,,,,,,,,,,,,,,,,,,Oxford Advanced  Learner's Dictionary 8th Edition,
1773,root,,closed-captioned,,,,,,,,,,,,,,,,,Oxford Advanced  Learner's Dictionary 8th Edition,
1774,root,,closeout,,,,,,,,,,,,,,,,,Oxford Advanced  Learner's Dictionary 8th Edition,
1775,phrase,cloth cap,,,,,,,,,,,,,,,,,,Oxford Advanced  Learner's Dictionary 8th Edition,
1776,phrase,cloth caps,,,,,,,,,,,,,,,,,,Oxford Advanced  Learner's Dictionary 8th Edition,
1777,phrase,flat cap,,,,,,,,,,,,,,,,,,Oxford Advanced  Learner's Dictionary 8th Edition,
1778,phrase,flat caps,,,,,,,,,,,,,,,,,,Oxford Advanced  Learner's Dictionary 8th Edition,
1779,root,cloth-eared,,,,,,,,,,,,,,,,,,Oxford Advanced  Learner's Dictionary 8th Edition,
1780,phrase,clothes line,,,,,,,,,,,,,,,,,,Oxford Advanced  Learner's Dictionary 8th Edition,
1781,phrase,clothes lines,,,,,,,,,,,,,,,,,,Oxford Advanced  Learner's Dictionary 8th Edition,
1782,phrase,washing line,,,,,,,,,,,,,,,,,,Oxford Advanced  Learner's Dictionary 8th Edition,
1783,phrase,washing lines,,,,,,,,,,,,,,,,,,Oxford Advanced  Learner's Dictionary 8th Edition,
1784,phrase,clothes peg,,,,,,,,,,,,,,,,,,Oxford Advanced  Learner's Dictionary 8th Edition,
1785,phrase,clothes pegs,,,,,,,,,,,,,,,,,,Oxford Advanced  Learner's Dictionary 8th Edition,
1786,root,,clothespin,,,,,,,,,,,,,,,,,Oxford Advanced  Learner's Dictionary 8th Edition,
1787,phrase,cloud cukoo land,la-la land,,,,,,,,,,,,,,,,,Oxford Advanced  Learner's Dictionary 8th Edition,
1788,phrase,cloud cukoo lands,la-la lands,,,,,,,,,,,,,,,,,Oxford Advanced  Learner's Dictionary 8th Edition,
1789,root,,cloudland,,,,,,,,,,,,,,,,,Oxford Advanced  Learner's Dictionary 8th Edition,
1790,root,,cloverleaf,,,,,,,,,,,,,,,,,Oxford Advanced  Learner's Dictionary 8th Edition,
1791,phrase,,club car,,,,,,,,,,,,,,,,,Oxford Advanced  Learner's Dictionary 8th Edition,
1792,phrase,,club cars,,,,,,,,,,,,,,,,,Oxford Advanced  Learner's Dictionary 8th Edition,
1793,root,clubland,,,,,,,,,,,,,,,,,,Oxford Advanced  Learner's Dictionary 8th Edition,
1794,root,,,,,clucky,clucky,,,,,,,,,,,,,Oxford Advanced  Learner's Dictionary 8th Edition,
1795,root,clued-up,clued-in,,,,,,,,,,,,,,,,,Oxford Advanced  Learner's Dictionary 8th Edition,
1796,root,clumpy,,,,,,,,,,,,,,,,,,Oxford Advanced  Learner's Dictionary 8th Edition,
1797,root,,clunker,,,,,,,,,,,,,,,,,Oxford Advanced  Learner's Dictionary 8th Edition,
1798,root,,clunky,,,,,,,,,,,,,,,,,Oxford Advanced  Learner's Dictionary 8th Edition,
1799,phrase,clutch bag,,,,,,,,,,,,,,,,,,Oxford Advanced  Learner's Dictionary 8th Edition,
1800,phrase,clutch bags,,,,,,,,,,,,,,,,,,Oxford Advanced  Learner's Dictionary 8th Edition,
1801,root,coachload,,,,,,,,,,,,,,,,,,Oxford Advanced  Learner's Dictionary 8th Edition,
1802,phrase,coarse fish,,,,,,,,,,,,,,,,,,Oxford Advanced  Learner's Dictionary 8th Edition,
1803,phrase,coarse fishing,,,,,,,,,,,,,,,,,,Oxford Advanced  Learner's Dictionary 8th Edition,
1804,phrase,,coat check,,,,,,,,,,,,,,,,,Oxford Advanced  Learner's Dictionary 8th Edition,
1805,phrase,,coat checks,,,,,,,,,,,,,,,,,Oxford Advanced  Learner's Dictionary 8th Edition,
1806,root,cloakroom,checkroom,,,,,,,,,,,,,,,,,Oxford Advanced  Learner's Dictionary 8th Edition,
1807,phrase,cocktail stick,,,,,,,,,,,,,,,,,,Oxford Advanced  Learner's Dictionary 8th Edition,
1808,phrase,cocktail sticks,,,,,,,,,,,,,,,,,,Oxford Advanced  Learner's Dictionary 8th Edition,
1809,root,cock-up,,,,,,,,,,,,,,,,,,Oxford Advanced  Learner's Dictionary 8th Edition,
1810,phrase,coconut matting,,,,,,,,,,,,,,,,,,Oxford Advanced  Learner's Dictionary 8th Edition,
1811,phrase,coconut mattings,,,,,,,,,,,,,,,,,,Oxford Advanced  Learner's Dictionary 8th Edition,
1812,phrase,coconut shy,,,,,,,,,,,,,,,,,,Oxford Advanced  Learner's Dictionary 8th Edition,
1813,phrase,coconut shies,,,,,,,,,,,,,,,,,,Oxford Advanced  Learner's Dictionary 8th Edition,
1814,root,,,,,opossum,opossum,,,,,,,,,,,,,Oxford Advanced  Learner's Dictionary 8th Edition,
1815,root,,,,,possum,possum,,,,,,,,,,,,,Oxford Advanced  Learner's Dictionary 8th Edition,
1816,root,,gulch,,,,,,,,,,,,,,,,,Oxford Advanced  Learner's Dictionary 8th Edition,
1817,root,,,,,,Aotearoa,,,,,,,,,,,,,Oxford Advanced  Learner's Dictionary 8th Edition,
1818,root,abattoir,,,,,,,,,,,,,,,,,,Oxford Advanced  Learner's Dictionary 8th Edition,
1819,root,,ABD,,,,,,,,,,,,,,,,,Oxford Advanced  Learner's Dictionary 8th Edition,
1820,root,about-turn,,,,,,,,,,,,,,,,,,Oxford Advanced  Learner's Dictionary 8th Edition,
1821,root,abroad,,,,,,,,,,,,,,,,,,Oxford Advanced  Learner's Dictionary 8th Edition,
1822,root,abseil,rappel,,,,,,,,,,,,,,,,,Oxford Advanced  Learner's Dictionary 8th Edition,
1823,phrase,postal vote,absentee ballot,,,,,,,,,,,,,,,,,Oxford Advanced  Learner's Dictionary 8th Edition,
1824,phrase,postal votes,absentee ballots,,,,,,,,,,,,,,,,,Oxford Advanced  Learner's Dictionary 8th Edition,
1825,root,,ac,,,,,,,,,,,,,,,,,Oxford Advanced  Learner's Dictionary 8th Edition,
1826,root,,a/c,,,,,,,,,,,,,,,,,Oxford Advanced  Learner's Dictionary 8th Edition,
1827,phrase,access course,,,,,,,,,,,,,,,,,,Oxford Advanced  Learner's Dictionary 8th Edition,
1828,phrase,access courses,,,,,,,,,,,,,,,,,,Oxford Advanced  Learner's Dictionary 8th Edition,
1829,root,,acclimate,,,,,,,,,,,,,,,,,Oxford Advanced  Learner's Dictionary 8th Edition,
1830,root,,,accouterments,,,,,,,,,,,,,,,,Oxford Advanced  Learner's Dictionary 8th Edition,
1831,root,,,,,,,,,achcha,,,,,,,,,,Oxford Advanced  Learner's Dictionary 8th Edition,
1832,root,,actioner,,,,,,,,,,,,,,,,,Oxford Advanced  Learner's Dictionary 8th Edition,
1833,root,,movie,,,,,,,,,,,,,,,,,Oxford Advanced  Learner's Dictionary 8th Edition,
1834,phrase,action film,,,,,,,,,,,,,,,,,,Oxford Advanced  Learner's Dictionary 8th Edition,
1835,phrase,action films,,,,,,,,,,,,,,,,,,Oxford Advanced  Learner's Dictionary 8th Edition,
1836,phrase,,instant replay,,,,,,,,,,,,,,,,,Oxford Advanced  Learner's Dictionary 8th Edition,
1837,phrase,,instant replays,,,,,,,,,,,,,,,,,Oxford Advanced  Learner's Dictionary 8th Edition,
1838,phrase,,active duty,,,,,,,,,,,,,,,,,Oxford Advanced  Learner's Dictionary 8th Edition,
1839,root,,A.D.,,,,,,,,,,,,,,,,,Oxford Advanced  Learner's Dictionary 8th Edition,
1840,phrase,Admiral of the Fleet,,Fleet Admiral,,,,,,,,,,,,,,,,Oxford Advanced  Learner's Dictionary 8th Edition,
1841,phrase,adventure playground,,,,,,,,,,,,,,,,,,Oxford Advanced  Learner's Dictionary 8th Edition,
1842,phrase,adventure playgrounds,,,,,,,,,,,,,,,,,,Oxford Advanced  Learner's Dictionary 8th Edition,
1843,root,,adventuresome,,,,,,,,,,,,,,,,,Oxford Advanced  Learner's Dictionary 8th Edition,
1844,phrase,adjustable spanner,monkey wrench,,,,,,,,,,,,,,,,,Oxford Advanced  Learner's Dictionary 8th Edition,
1845,phrase,adjustable spanners,monkey wrenches,,,,,,,,,,,,,,,,,Oxford Advanced  Learner's Dictionary 8th Edition,
1846,phrase,agony column,advice column,,,,,,,,,,,,,,,,,Oxford Advanced  Learner's Dictionary 8th Edition,
1847,phrase,agony columns,advice columns,,,,,,,,,,,,,,,,,Oxford Advanced  Learner's Dictionary 8th Edition,
1848,phrase,agony columnist,advice aunt,,,,,,,,,,,,,,,,,Oxford Advanced  Learner's Dictionary 8th Edition,
1849,phrase,agony columnists,advice aunts,,,,,,,,,,,,,,,,,Oxford Advanced  Learner's Dictionary 8th Edition,
1850,phrase,,advice uncle,,,,,,,,,,,,,,,,,Oxford Advanced  Learner's Dictionary 8th Edition,
1851,phrase,,advice uncles,,,,,,,,,,,,,,,,,Oxford Advanced  Learner's Dictionary 8th Edition,
1852,phrase,,advocacy group,,,,,,,,,,,,,,,,,Oxford Advanced  Learner's Dictionary 8th Edition,
1853,phrase,,advocacy groups,,,,,,,,,,,,,,,,,Oxford Advanced  Learner's Dictionary 8th Edition,
1854,root,adze,,adz,,,,,,,,,,,,,,,,Oxford Advanced  Learner's Dictionary 8th Edition,
1855,root,aeolian,,eolian,,,,,,,,,,,,,,,,Oxford Advanced  Learner's Dictionary 8th Edition,
1856,root,aerofoil,airfoil,,,,,,,,,,,,,,,,,Oxford Advanced  Learner's Dictionary 8th Edition,
1857,root,,airplane,,,,,,,,,,,,,,,,,Oxford Advanced  Learner's Dictionary 8th Edition,
1858,root,,esthete,,,,,,,,,,,,,,,,,Oxford Advanced  Learner's Dictionary 8th Edition,
1859,root,,esthetic,,,,,,,,,,,,,,,,,Oxford Advanced  Learner's Dictionary 8th Edition,
1860,root,,esthetically,,,,,,,,,,,,,,,,,Oxford Advanced  Learner's Dictionary 8th Edition,
1861,root,,estheticism,,,,,,,,,,,,,,,,,Oxford Advanced  Learner's Dictionary 8th Edition,
1862,root,aetilogy,etilogy,,,,,,,,,,,,,,,,,Oxford Advanced  Learner's Dictionary 8th Edition,
1863,phrase,,affinity group,,,,,,,,,,,,,,,,,Oxford Advanced  Learner's Dictionary 8th Edition,
1864,phrase,,affinity groups,,,,,,,,,,,,,,,,,Oxford Advanced  Learner's Dictionary 8th Edition,
1865,phrase,positive discrimination,affirmative action,,,,,,,,,,,,,,,,,Oxford Advanced  Learner's Dictionary 8th Edition,
1866,root,,afoul,,,,,,,,,,,,,,,,,Oxford Advanced  Learner's Dictionary 8th Edition,
1867,root,,A-frame,,,,,,,,,,,,,,,,,Oxford Advanced  Learner's Dictionary 8th Edition,
1868,root,afterwards,afterward,,,,,,,,,,,,,,,,,Oxford Advanced  Learner's Dictionary 8th Edition,
1869,root,ageing,,,,,,,,,,,,,,,,,,Oxford Advanced  Learner's Dictionary 8th Edition,
1870,root,,agism,,,,,,,,,,,,,,,,,Oxford Advanced  Learner's Dictionary 8th Edition,
1871,root,,,,,,,,,,age-set,,,,,,,,,Oxford Advanced  Learner's Dictionary 8th Edition,
1872,root,,,,,,,,,air-dash,,,,,,,,,,Oxford Advanced  Learner's Dictionary 8th Edition,
1873,phrase,air ambulance,,,,,,,,,,,,,,,,,,Oxford Advanced  Learner's Dictionary 8th Edition,
1874,root,agonisingly,,,,,,,,,,,,,,,,,,Oxford Advanced  Learner's Dictionary 8th Edition,
1875,root,,,A.H.,,,,,,,,,,,,,,,,Oxford Advanced  Learner's Dictionary 8th Edition,
1876,root,airbridge,Jetway,,,,,,,,,,,,,,,,,Oxford Advanced  Learner's Dictionary 8th Edition,
1877,phrase,air-sea rescue,,,,,,,,,,,,,,,,,,Oxford Advanced  Learner's Dictionary 8th Edition,
1878,root,alcopop,,,,,,,,,,,,,,,,,,Oxford Advanced  Learner's Dictionary 8th Edition,
1879,root,alehouse,,,,,,,,,,,,,,,,,,Oxford Advanced  Learner's Dictionary 8th Edition,
1880,root,,alimony,,,,,,,,,alhaja,,,,,,,,Oxford Advanced  Learner's Dictionary 8th Edition,
1881,root,,,,,,,,,,,alhaji,,,,,,,,Oxford Advanced  Learner's Dictionary 8th Edition,
1882,phrase,Allen key,Allen wrench,,,,,,,,,,,,,,,,,Oxford Advanced  Learner's Dictionary 8th Edition,
1883,phrase,Allen keys,Allen wrenches,,,,,,,,,,,,,,,,,Oxford Advanced  Learner's Dictionary 8th Edition,
1884,phrase,,alligator clip,,,,,,,,,,,,,,,,,Oxford Advanced  Learner's Dictionary 8th Edition,
1885,root,all-in,,,,,,,,,,,,,,,,,,Oxford Advanced  Learner's Dictionary 8th Edition,
1886,root,all-in-one,,,,,,,,,,,,,,,,,,Oxford Advanced  Learner's Dictionary 8th Edition,
1887,root,,all-nighter,,,,,,,,,,,,,,,,,Oxford Advanced  Learner's Dictionary 8th Edition,
1888,phrase,,,all-points bulletin,,,,,,,,,,,,,,,,Oxford Advanced  Learner's Dictionary 8th Edition,
1889,phrase,,,all-points bulletins,,,,,,,,,,,,,,,,Oxford Advanced  Learner's Dictionary 8th Edition,
1890,phrase,plain flour,all-purpose flour,,,,,,,,,,,,,,,,,Oxford Advanced  Learner's Dictionary 8th Edition,
1891,root,,,,,,,,,alu,,,,,,,,,,Oxford Advanced  Learner's Dictionary 8th Edition,
1892,root,,,,,,,,,aloo,,,,,,,,,,Oxford Advanced  Learner's Dictionary 8th Edition,
1893,phrase,,all-wheel drive,,,,,,,,,,,,,,,,,Oxford Advanced  Learner's Dictionary 8th Edition,
1894,root,all-round,all-around,,,,,,,,,,,,,,,,,Oxford Advanced  Learner's Dictionary 8th Edition,
1895,root,,,altho,,,,,,,,,,,,,,,,Oxford Advanced  Learner's Dictionary 8th Edition,
1896,root,,alumna,,,,,,,,,,,,,,,,,Oxford Advanced  Learner's Dictionary 8th Edition,
1897,root,,alumnus,,,,,,,,,,,,,,,,,Oxford Advanced  Learner's Dictionary 8th Edition,
1898,phrase,amateur dramatics,,,,,,,,,,,,,,,,,,Oxford Advanced  Learner's Dictionary 8th Edition,
1899,phrase,,,amebiv dysentery,,,,,,,,,,,,,,,,Oxford Advanced  Learner's Dictionary 8th Edition,
1900,inflection,,,,,,,amn't,,,,,,,,,,,,Oxford Advanced  Learner's Dictionary 8th Edition,
1901,phrase,,,American cheese,,,,,,,,,,,,,,,,Oxford Advanced  Learner's Dictionary 8th Edition,
1902,root,,,ameba,,,,,,,,,,,,,,,,Oxford Advanced  Learner's Dictionary 8th Edition,
1903,root,,,amebic,,,,,,,,,,,,,,,,Oxford Advanced  Learner's Dictionary 8th Edition,
1904,root,amenorrhoea,amenorrhea,,,,,,,,,,,,,,,,,Oxford Advanced  Learner's Dictionary 8th Edition,
1905,root,amphitheatre,,amphitheater,,,,,,,,,,,,,,,,Oxford Advanced  Learner's Dictionary 8th Edition,
1906,root,anaemic,anemic,,,,,,,,,,,,,,,,,Oxford Advanced  Learner's Dictionary 8th Edition,
1907,root,,ampule,,,,,,,,,,,,,,,,,Oxford Advanced  Learner's Dictionary 8th Edition,
1908,root,anaemia,anemia,,,,,,,,,,,,,,,,,Oxford Advanced  Learner's Dictionary 8th Edition,
1909,root,anaesthetic,,anesthetic,,,,,,,,,,,,,,,,Oxford Advanced  Learner's Dictionary 8th Edition,
1910,root,anaesthetist,,anesthetist,,,,,,,,,,,,,,,,Oxford Advanced  Learner's Dictionary 8th Edition,
1911,root,anapaest,anapest,,,,,,,,,,,,,,,,,Oxford Advanced  Learner's Dictionary 8th Edition,
1912,root,,,,,,,,,angrez,,,,,,,,,,Oxford Advanced  Learner's Dictionary 8th Edition,
1913,phrase,,animal control officer,,,,,,,,,,,,,,,,,Oxford Advanced  Learner's Dictionary 8th Edition,
1914,phrase,,animal control officers,,,,,,,,,,,,,,,,,Oxford Advanced  Learner's Dictionary 8th Edition,
1915,root,,anti-choice,,,,,,,,,,,,,,,,,Oxford Advanced  Learner's Dictionary 8th Edition,
1916,root,answeringphone,,,,,,,,,,,,,,,,,,Oxford Advanced  Learner's Dictionary 8th Edition,
1917,root,anorak,,,,,,,,,,,,,,,,,,Oxford Advanced  Learner's Dictionary 8th Edition,
1918,root,romanticise,counterclockwise,,,,,,,,,,,,,,,,,Oxford Advanced  Learner's Dictionary 8th Edition,
1919,root,,anyplace,,,,,,,,,,,,,,,,,Oxford Advanced  Learner's Dictionary 8th Edition,
1920,root,,antsy,,,,,,,,,,,,,,,,,Oxford Advanced  Learner's Dictionary 8th Edition,
1921,phrase,,aside from,,,,,,,,,,,,,,,,,Oxford Advanced  Learner's Dictionary 8th Edition,
1922,phrase,apartment block,apartment building,,,,,,,,,,,,,,,,,Oxford Advanced  Learner's Dictionary 8th Edition,
1923,phrase,apartment blocks,apartment buildings,,,,,,,,,,,,,,,,,Oxford Advanced  Learner's Dictionary 8th Edition,
1924,phrase,,,apartment house,,,,,,,,,,,,,,,,Oxford Advanced  Learner's Dictionary 8th Edition,
1925,phrase,,,apartment houses,,,,,,,,,,,,,,,,Oxford Advanced  Learner's Dictionary 8th Edition,
1926,root,,APB,,,,,,,,,,,,,,,,,Oxford Advanced  Learner's Dictionary 8th Edition,
1927,root,apnoea,apnea,,,,,,,,,,,,,,,,,Oxford Advanced  Learner's Dictionary 8th Edition,
1928,root,,,,,,,,,appa,,,,,,,,,,Oxford Advanced  Learner's Dictionary 8th Edition,
1929,root,appal,appall,,,,,,,,,,,,,,,,,Oxford Advanced  Learner's Dictionary 8th Edition,
1930,root,,appraiser,,,,,,,,,,,,,,,,,Oxford Advanced  Learner's Dictionary 8th Edition,
1931,root,,archeological,,,,,,,,,,,,,,,,,Oxford Advanced  Learner's Dictionary 8th Edition,
1932,root,,archeology,,,,,,,,,,,,,,,,,Oxford Advanced  Learner's Dictionary 8th Edition,
1933,root,,archeologist,,,,,,,,,,,,,,,,,Oxford Advanced  Learner's Dictionary 8th Edition,
1934,root,,artifact,,,,,,,,,,,,,,,,,Oxford Advanced  Learner's Dictionary 8th Edition,
1935,root,articulated,,,,,,,,,,,,,,,,,,Oxford Advanced  Learner's Dictionary 8th Edition,
1936,inflection,argy-bargies,,,,,,,,,,,,,,,,,,Oxford Advanced  Learner's Dictionary 8th Edition,
1937,root,armoured,,armored,,,,,,,,,,,,,,,,Oxford Advanced  Learner's Dictionary 8th Edition,
1938,root,armourer,,armorer,,,,,,,,,,,,,,,,Oxford Advanced  Learner's Dictionary 8th Edition,
1939,root,armour-plated,,armor-plated,,,,,,,,,,,,,,,,Oxford Advanced  Learner's Dictionary 8th Edition,
1940,root,armoury,,armory,,,,,,,,,,,,,,,,Oxford Advanced  Learner's Dictionary 8th Edition,
1941,root,,pit,,,,,,,,,,,,,,,,,Oxford Advanced  Learner's Dictionary 8th Edition,
1942,root,arse-licker,ass-licker,,,,,,,,,,,,,,,,,Oxford Advanced  Learner's Dictionary 8th Edition,
1943,root,arse-licking,ass-licking,,,,,,,,,,,,,,,,,Oxford Advanced  Learner's Dictionary 8th Edition,
1944,root,arty-farty,artsy-fartsy,,,,,,,,,,,,,,,,,Oxford Advanced  Learner's Dictionary 8th Edition,
1945,root,,arugula,,,,,,,,,,,,,,,,,Oxford Advanced  Learner's Dictionary 8th Edition,
1946,root,arsehole,asshole,,,,,,,,,,,,,,,,,Oxford Advanced  Learner's Dictionary 8th Edition,
1947,root,,ascot,,,,,,,,,,,,,,,,,Oxford Advanced  Learner's Dictionary 8th Edition,
1948,phrase,assault course,obstacle course,,,,,,,,,,,,,,,,,Oxford Advanced  Learner's Dictionary 8th Edition,
1949,phrase,assault courses,obstacle courses,,,,,,,,,,,,,,,,,Oxford Advanced  Learner's Dictionary 8th Edition,
1950,phrase,,assistant professor,,,,,,,,,,,,,,,,,Oxford Advanced  Learner's Dictionary 8th Edition,
1951,phrase,,assistant professors,,,,,,,,,,,,,,,,,Oxford Advanced  Learner's Dictionary 8th Edition,
1952,phrase,asymetric bars,uneven bars,,,,,,,,,,,,,,,,,Oxford Advanced  Learner's Dictionary 8th Edition,
1953,phrase,,athletic shoe,,,,,,,,,,,,,,,,,Oxford Advanced  Learner's Dictionary 8th Edition,
1954,phrase,,athletic shoes,,,,,,,,,,,,,,,,,Oxford Advanced  Learner's Dictionary 8th Edition,
1955,phrase,,athletic supporter,,,,,,,,,,,,,,,,,Oxford Advanced  Learner's Dictionary 8th Edition,
1956,phrase,,athletic supporters,,,,,,,,,,,,,,,,,Oxford Advanced  Learner's Dictionary 8th Edition,
1957,phrase,cash card,,ATM card,,,,,,,,,,,,,,,,Oxford Advanced  Learner's Dictionary 8th Edition,
1958,phrase,cash cards,,ATM cards,,,,,,,,,,,,,,,,Oxford Advanced  Learner's Dictionary 8th Edition,
1959,root,,atop,,,,,,,,,,,,,,,,,Oxford Advanced  Learner's Dictionary 8th Edition,
1960,root,,attaboy,,,,,,,,,,,,,,,,,Oxford Advanced  Learner's Dictionary 8th Edition,
1961,root,attender,attendee,,,,,,,,,,,,,,,,,Oxford Advanced  Learner's Dictionary 8th Edition,
1962,root,,attn.,,,,,,,,,,,,,,,,,Oxford Advanced  Learner's Dictionary 8th Edition,
1963,root,aubergine,eggplant,,,,,,,,,,,,,,,,,Oxford Advanced  Learner's Dictionary 8th Edition,
1964,root,,ATV,,,,,,,,,,,,,,,,,Oxford Advanced  Learner's Dictionary 8th Edition,
1965,root,,,,,,,,,,,,indaba,,,,,,,Oxford Advanced  Learner's Dictionary 8th Edition,
1966,root,,,,,,,,,,,,skelm,,,,,,,Oxford Advanced  Learner's Dictionary 8th Edition,
1967,root,,,,,,,,,,,,skolly,,,,,,,Oxford Advanced  Learner's Dictionary 8th Edition,
1968,root,,polecat,,,,,,,,,,,,,,,,,Oxford Advanced  Learner's Dictionary 8th Edition,
1969,root,,skybox,,,,,,,,,,,,,,,,,Oxford Advanced  Learner's Dictionary 8th Edition,
1970,root,,skycap,,,,,,,,,,,,,,,,,Oxford Advanced  Learner's Dictionary 8th Edition,
1971,phrase,dinner jacket,,,,,,,,,,,,,,,,,,Oxford Advanced  Learner's Dictionary 8th Edition,
1972,phrase,dinner jackets,,,,,,,,,,,,,,,,,,Oxford Advanced  Learner's Dictionary 8th Edition,
1973,phrase,dinner lady,,lunch lady,,,,,,,,,,,,,,,,Oxford Advanced  Learner's Dictionary 8th Edition,
1974,phrase,dinner ladies,,lunch ladies,,,,,,,,,,,,,,,,Oxford Advanced  Learner's Dictionary 8th Edition,
1975,phrase,dinner suit,,,,,,,,,,,,,,,,,,Oxford Advanced  Learner's Dictionary 8th Edition,
1976,phrase,dinner suits,,,,,,,,,,,,,,,,,,Oxford Advanced  Learner's Dictionary 8th Edition,
1977,root,dustbin,,,,,,,,,,,,,,,,,,Oxford Advanced  Learner's Dictionary 8th Edition,
1978,root,gaol,,,,,,,,,,,,,,,,,,Merriam-Webster's Collegiate Dictionary Eleventh Edition,
1979,root,gaoler,,,,,,,,,,,,,,,,,,Merriam-Webster's Collegiate Dictionary Eleventh Edition,
1980,root,jerkin,,,,,,,,,,,,,,,,,,Oxford Advanced  Learner's Dictionary 8th Edition,
1981,root,,jailbreak,,,,,,,,,,,,,,,,,Oxford Advanced  Learner's Dictionary 8th Edition,
1982,root,,jailhouse,,,,,,,,,,,,,,,,,Oxford Advanced  Learner's Dictionary 8th Edition,
1983,root,jam jar,,,,,,,,,,,,,,,,,,Oxford Advanced  Learner's Dictionary 8th Edition,
1984,root,jam jars,,,,,,,,,,,,,,,,,,Oxford Advanced  Learner's Dictionary 8th Edition,
1985,root,,,license,,,,,,,,,,,,,,,,Oxford Advanced  Learner's Dictionary 8th Edition,
1986,root,,mortician,,,,,,,,,,,,,,,,,Oxford Advanced  Learner's Dictionary 8th Edition,
1987,root,,offense,,,,,,,,,,,,,,,,,Oxford Advanced  Learner's Dictionary 8th Edition,
1988,inflection,,,practices,,,,,,,,,,,,,,,,Oxford Advanced  Learner's Dictionary 8th Edition,"Its infinitive form ""practice"" can also be a noun, which is acceptable in every regions."
1989,inflection,,,practiced,,,,,,,,,,,,,,,,Oxford Advanced  Learner's Dictionary 8th Edition,"Its infinitive form ""practice"" can also be a noun, which is acceptable in every regions."
1990,inflection,,,practicing,,,,,,,,,,,,,,,,Oxford Advanced  Learner's Dictionary 8th Edition,"Its infinitive form ""practice"" can also be a noun, which is acceptable in every regions."
1991,root,pretence,pretense,,,,,,,,,,,,,,,,,Oxford Advanced  Learner's Dictionary 8th Edition,
1992,root,,vise,,,,,,,,,,,,,,,,,Oxford Advanced  Learner's Dictionary 8th Edition,
1993,root,,,monolog,,,,,,,,,,,,,,,,Oxford Advanced  Learner's Dictionary 8th Edition,
1994,phrase,,,,,,,is wee,,,,,,,,,,,,Oxford Dictionary of English Second Edition Revised,
1995,phrase,,,,,,,are wee,,,,,,,,,,,,Oxford Dictionary of English Second Edition Revised,
1996,phrase,,,,,,,was wee,,,,,,,,,,,,Oxford Dictionary of English Second Edition Revised,
1997,phrase,,,,,,,were wee,,,,,,,,,,,,Oxford Dictionary of English Second Edition Revised,
1998,inflection,,,,,,,weer,,,,,,,,,,,,Oxford Dictionary of English Second Edition Revised,
1999,inflection,,,,,,,weest,,,,,,,,,,,,Oxford Dictionary of English Second Edition Revised,
2000,root,wee,,,,,,,,,,,,,,,,,,Oxford Dictionary of English Second Edition Revised,
2001,inflection,wees,,,,,,,,,,,,,,,,,,Oxford Dictionary of English Second Edition Revised,
2002,inflection,weeing,,,,,,,,,,,,,,,,,,Oxford Dictionary of English Second Edition Revised,
2003,inflection,weed,,,,,,,,,,,,,,,,,,Oxford Dictionary of English Second Edition Revised,
2004,inflection,,offed,,,,,,,,,,,,,,,,,Oxford Advanced  Learner's Dictionary 8th Edition,
2005,inflection,,offing,,,,,,,,,,,,,,,,,Oxford Advanced  Learner's Dictionary 8th Edition,
2006,inflection,,offs,,,,,,,,,,,,,,,,,Oxford Advanced  Learner's Dictionary 8th Edition,
2007,phrase,,,off of,,,,,,,,,,,,,,,,Oxford Dictionary of English Second Edition Revised,
2008,root,airmiss,,,,,,,,,,,,,,,,,,Oxford Advanced  Learner's Dictionary 8th Edition,
2009,root,,,,,,,,,,,,bonsella,,,,,,,Oxford Advanced  Learner's Dictionary 8th Edition,
2010,root,mucker,mucker,,,,,,,,,,,,,,,,,Oxford Advanced  Learner's Dictionary 8th Edition,"Acceptable in both British and North American English, but its meaning is different"
2011,root,mucky,,,,,,,,,,,,,,,,,,Oxford Advanced  Learner's Dictionary 8th Edition,
2012,root,snigger,,,,,,,,,,,,,,,,,,Oxford Advanced  Learner's Dictionary 8th Edition,
2013,root,,janitor,,,,,janitor,,,,,,,,,,,,Oxford Advanced  Learner's Dictionary 8th Edition,
2014,root,caretaker,caretaker,,,,,,,,,,,,,,,,,Oxford Advanced  Learner's Dictionary 8th Edition,"Acceptable in both British and North American English, but its meaning is different"
2015,root,,,,,,,outwith,,,,,,,,,,,,Oxford Advanced  Learner's Dictionary 8th Edition,
2016,root,cowpat,,,,,,,,,,,,,,,,,,Oxford Advanced  Learner's Dictionary 8th Edition,
2017,root,,cowpoke,,,,,,,,,,,,,,,,,Oxford Advanced  Learner's Dictionary 8th Edition,
2018,root,cowshed,,,,,,,,,,,,,,,,,,Oxford Advanced  Learner's Dictionary 8th Edition,
2019,root,outwork,,,,,,,,,,,,,,,,,,Oxford Advanced  Learner's Dictionary 8th Edition,
2020,root,fao,,,,,,,,,,,,,,,,,,Oxford Advanced  Learner's Dictionary 8th Edition,
2021,root,,,,,,,kirk,,,,,,,,,,,,Oxford Advanced  Learner's Dictionary 8th Edition,
2022,root,,,,,,,numpty,,,,,,,,,,,,Oxford Advanced  Learner's Dictionary 8th Edition,
2023,root,,Rx,,,,,,,,,,,,,,,,,Oxford Advanced  Learner's Dictionary 8th Edition,
2024,root,,,,,,,,,,,cocoyam,,,,,,,,Oxford Advanced  Learner's Dictionary 8th Edition,
2025,phrase,,coffee cake,,,,,,,,,,,,,,,,,Oxford Advanced  Learner's Dictionary 8th Edition,
2026,phrase,,coffee cakes,,,,,,,,,,,,,,,,,Oxford Advanced  Learner's Dictionary 8th Edition,
2027,phrase,coffee morning,,,,,,,,,,,,,,,,,,Oxford Advanced  Learner's Dictionary 8th Edition,
2028,phrase,coffee mornings,,,,,,,,,,,,,,,,,,Oxford Advanced  Learner's Dictionary 8th Edition,
2029,root,coffin,,,,,,,,,,,,,,,,,,Oxford Advanced  Learner's Dictionary 8th Edition,
2030,root,congnisance,,,,,,,,,,,,,,,,,,Oxford Advanced  Learner's Dictionary 8th Edition,
2031,root,incomer,,,,,,,,,,,,,,,,,,Oxford Advanced  Learner's Dictionary 8th Edition,
2032,root,recognisance,,,,,,,,,,,,,,,,,,Oxford Advanced  Learner's Dictionary 8th Edition,
2033,root,recognisable,,,,,,,,,,,,,,,,,,Oxford Advanced  Learner's Dictionary 8th Edition,
2034,root,unrecognisable,,,,,,,,,,,,,,,,,,Oxford Advanced  Learner's Dictionary 8th Edition,
2035,root,unrecognised,,,,,,,,,,,,,,,,,,Oxford Advanced  Learner's Dictionary 8th Edition,
2036,phrase,coin box,,,,,,,,,,,,,,,,,,Oxford Advanced  Learner's Dictionary 8th Edition,
2037,phrase,coin boxes,,,,,,,,,,,,,,,,,,Oxford Advanced  Learner's Dictionary 8th Edition,
2038,phrase,hard cash,cold cash,,,,,,,,,,,,,,,,,Oxford Advanced  Learner's Dictionary 8th Edition,
2039,phrase,boiled sweet,hard candy,,,,,,,,,,,,,,,,,Oxford Advanced  Learner's Dictionary 8th Edition,
2040,phrase,boiled sweets,hard candies,,,,,,,,,,,,,,,,,Oxford Advanced  Learner's Dictionary 8th Edition,
2041,phrase,,hard cider,,,,,,,,,,,,,,,,,Oxford Advanced  Learner's Dictionary 8th Edition,
2042,phrase,,hard ciders,,,,,,,,,,,,,,,,,Oxford Advanced  Learner's Dictionary 8th Edition,
2043,phrase,,fever blister,,,,,,,,,,,,,,,,,Oxford Advanced  Learner's Dictionary 8th Edition,
2044,phrase,,fever blisters,,,,,,,,,,,,,,,,,Oxford Advanced  Learner's Dictionary 8th Edition,
2045,root,colliery,,,,,,,,,,,,,,,,,,Oxford Advanced  Learner's Dictionary 8th Edition,
2046,root,,,colorant,,,,,,,,,,,,,,,,Oxford Advanced  Learner's Dictionary 8th Edition,
2047,root,colouration,,,,,,,,,,,,,,,,,,Oxford Advanced  Learner's Dictionary 8th Edition,
2048,root,,,color-blind,,,,,,,,,,,,,,,,Oxford Advanced  Learner's Dictionary 8th Edition,
2049,root,,,colored,,,,,,,,,,,,,,,,Oxford Advanced  Learner's Dictionary 8th Edition,
2050,root,,,colorfast,,,,,,,,,,,,,,,,Oxford Advanced  Learner's Dictionary 8th Edition,
2051,root,,,colorful,,,,,,,,,,,,,,,,Oxford Advanced  Learner's Dictionary 8th Edition,
2052,phrase,,,color guard,,,,,,,,,,,,,,,,Oxford Advanced  Learner's Dictionary 8th Edition,
2053,phrase,colour fast,,,,,,,,,,,,,,,,,,Oxford Advanced  Learner's Dictionary 8th Edition,
2054,root,,,coloring,,,,,,,,,,,,,,,,Oxford Advanced  Learner's Dictionary 8th Edition,
2055,root,,,colourist,,,,,,,,,,,,,,,,Oxford Advanced  Learner's Dictionary 8th Edition,
2056,root,,,coloristic,,,,,,,,,,,,,,,,Oxford Advanced  Learner's Dictionary 8th Edition,
2057,root,colourise,,,,,,,,,,,,,,,,,,Oxford Advanced  Learner's Dictionary 8th Edition,
2058,root,,,colorless,,,,,,,,,,,,,,,,Oxford Advanced  Learner's Dictionary 8th Edition,
2059,root,,,color-blindness,,,,,,,,,,,,,,,,Oxford Advanced  Learner's Dictionary 8th Edition,
2060,root,,,color-coded,,,,,,,,,,,,,,,,Oxford Advanced  Learner's Dictionary 8th Edition,
2061,root,colourway,,,,,,,,,,,,,,,,,,Oxford Advanced  Learner's Dictionary 8th Edition,
2062,phrase,,confort station,,,,,,,,,,,,,,,,,Oxford Advanced  Learner's Dictionary 8th Edition,
2063,phrase,,confort stations,,,,,,,,,,,,,,,,,Oxford Advanced  Learner's Dictionary 8th Edition,
2064,phrase,strip cartoon,,,,,,,,,,,,,,,,,,Oxford Advanced  Learner's Dictionary 8th Edition,
2065,phrase,strip cartoons,,,,,,,,,,,,,,,,,,Oxford Advanced  Learner's Dictionary 8th Edition,
2066,phrase,commissioner for oaths,,,,,,,,,,,,,,,,,,Oxford Advanced  Learner's Dictionary 8th Edition,
2067,phrase,commissioners for oaths,,,,,,,,,,,,,,,,,,Oxford Advanced  Learner's Dictionary 8th Edition,
2068,phrase,common land,,,,,,,,,,,,,,,,,,Oxford Advanced  Learner's Dictionary 8th Edition,
2069,phrase,common room,,,,,,,,,,,,,,,,,,Oxford Advanced  Learner's Dictionary 8th Edition,
2070,root,,compadre,,,,,,,,,,,,,,,,,Oxford Advanced  Learner's Dictionary 8th Edition,
2071,root,compartmentalise,,,,,,,,,,,,,,,,,,Oxford Advanced  Learner's Dictionary 8th Edition,
2072,phrase,compassionate leave,,,,,,,,,,,,,,,,,,Oxford Advanced  Learner's Dictionary 8th Edition,
2073,root,complainant,,,,,,,,,,,,,,,,,,Oxford Advanced  Learner's Dictionary 8th Edition,
2074,root,complementiser,,,,,,,,,,,,,,,,,,Oxford Advanced  Learner's Dictionary 8th Edition,
2075,phrase,compliments slip,,,,,,,,,,,,,,,,,,Oxford Advanced  Learner's Dictionary 8th Edition,
2076,phrase,compost heap,compost pile,,,,,,,,,,,,,,,,,Oxford Advanced  Learner's Dictionary 8th Edition,
2077,phrase,compost heaps,compost piles,,,,,,,,,,,,,,,,,Oxford Advanced  Learner's Dictionary 8th Edition,
2078,phrase,compulsory purchase,,,,,,,,,,,,,,,,,,Oxford Advanced  Learner's Dictionary 8th Edition,
2079,phrase,compulsory purchases,,,,,,,,,,,,,,,,,,Oxford Advanced  Learner's Dictionary 8th Edition,
2080,inflection,,compunctions,,,,,,,,,,,,,,,,,Oxford Advanced  Learner's Dictionary 8th Edition,
2081,phrase,condemned cell,,,,,,,,,,,,,,,,,,Oxford Advanced  Learner's Dictionary 8th Edition,
2082,phrase,condemned cells,,,,,,,,,,,,,,,,,,Oxford Advanced  Learner's Dictionary 8th Edition,
2083,phrase,icing sugar,,confectioner's sugar,,,,,,,,,,,,,,,,Oxford Advanced  Learner's Dictionary 8th Edition,
2084,phrase,,,powdered sugar,,,,,,,,,,,,,,,,Oxford Advanced  Learner's Dictionary 8th Edition,
2085,phrase,confidence trick,confidence game,,,,,,,,,,,,,,,,,Oxford Advanced  Learner's Dictionary 8th Edition,
2086,phrase,confidence trickster,,,,,,,,,,,,,,,,,,Oxford Advanced  Learner's Dictionary 8th Edition,
2087,root,,conflicted,,,,,,,,,,,,,,,,,Oxford Advanced  Learner's Dictionary 8th Edition,Adjective
2088,phrase,congestion charge,,,,,,,,,,,,,,,,,,Oxford Advanced  Learner's Dictionary 8th Edition,
2089,root,conker,,,,,,,,,,,,,,,,,,Oxford Advanced  Learner's Dictionary 8th Edition,
2090,root,connexion,,,,,,,,,,,,,,,,,,Oxford Advanced  Learner's Dictionary 8th Edition,
2091,root,conscientise,,,,,,,,,,,,,,,,,,Oxford Advanced  Learner's Dictionary 8th Edition,
2092,root,conscript,draftee,,,,,,,,,,,,,,,,,Oxford Advanced  Learner's Dictionary 8th Edition,
2093,root,conscription,,,,,,,,,,,,,,,,,,Oxford Advanced  Learner's Dictionary 8th Edition,
2094,root,conservatoire,,,,,,,,,,,,,,,,,,Oxford Advanced  Learner's Dictionary 8th Edition,
2095,phrase,,consigment store,,,,,,,,,,,,,,,,,Oxford Advanced  Learner's Dictionary 8th Edition,
2096,phrase,,consigment stores,,,,,,,,,,,,,,,,,Oxford Advanced  Learner's Dictionary 8th Edition,
2097,root,veg,,,,,,,,,,,,,,,,,,Merriam-Webster's Collegiate Dictionary Eleventh Edition,
2098,phrase,consumer price index,,,,,,,,,,,,,,,,,,Oxford Advanced  Learner's Dictionary 8th Edition,
2099,phrase,consumer prices index,,,,,,,,,,,,,,,,,,Oxford Advanced  Learner's Dictionary 8th Edition,
2100,root,contextualise,,,,,,,,,,,,,,,,,,Oxford Advanced  Learner's Dictionary 8th Edition,
2101,phrase,,,contingency fee,,,,,,,,,,,,,,,,Oxford Advanced  Learner's Dictionary 8th Edition,
2102,phrase,,,contingency fees,,,,,,,,,,,,,,,,Oxford Advanced  Learner's Dictionary 8th Edition,
2103,root,contraflow,,,,,,,,,,,,,,,,,,Oxford Advanced  Learner's Dictionary 8th Edition,
2104,phrase,,convenience store,,,,,,,,,,,,,,,,,Oxford Advanced  Learner's Dictionary 8th Edition,
2105,phrase,,convenience stores,,,,,,,,,,,,,,,,,Oxford Advanced  Learner's Dictionary 8th Edition,
2106,root,,conventioneer,,,,,,,,,,,,,,,,,Oxford Advanced  Learner's Dictionary 8th Edition,
2107,phrase,,,conversion van,,,,,,,,,,,,,,,,Oxford Advanced  Learner's Dictionary 8th Edition,
2108,phrase,,,conversion vans,,,,,,,,,,,,,,,,Oxford Advanced  Learner's Dictionary 8th Edition,
2109,root,cookery,,,,,,,,,,,,,,,,,,Oxford Advanced  Learner's Dictionary 8th Edition,
2110,root,cook-chill,,,,,,,,,,,,,,,,,,Oxford Advanced  Learner's Dictionary 8th Edition,
2111,root,,,cookie,,,,,,,,,,,,,,,,Oxford Advanced  Learner's Dictionary 8th Edition,
2112,phrase,cooking apple,,,,,,,,,,,,,,,,,,Oxford Advanced  Learner's Dictionary 8th Edition,
2113,phrase,cooking apples,,,,,,,,,,,,,,,,,,Oxford Advanced  Learner's Dictionary 8th Edition,
2114,root,,cookout,,,,,,,,,,,,,,,,,Oxford Advanced  Learner's Dictionary 8th Edition,
2115,root,cookshop,,,,,,,,,,,,,,,,,,Oxford Advanced  Learner's Dictionary 8th Edition,
2116,root,te,ti,,,,,,,,,,,,,,,,,Oxford Advanced  Learner's Dictionary 8th Edition,
2117,root,fulfil,fulfill,,,,,,,,,,,,,,,,,Oxford Advanced  Learner's Dictionary 8th Edition,
2118,root,fulfilment,fullfillment,,,,,,,,,,,,,,,,,Oxford Advanced  Learner's Dictionary 8th Edition,
2119,root,,caucus,,,,,,,,,,,,,,,,,Oxford Advanced  Learner's Dictionary 8th Edition,
2120,root,footie,,,,,,,,,,,,,,,,,,Oxford Advanced  Learner's Dictionary 8th Edition,
2121,root,footy,,,,,,,,,,,,,,,,,,Oxford Advanced  Learner's Dictionary 8th Edition,
2122,root,apophthegm,,,,,,,,,,,,,,,,,,Merriam-Webster's Collegiate Dictionary Eleventh Edition,
2123,phrase,dicky bird,,,,,,,,,,,,,,,,,,Oxford Advanced  Learner's Dictionary 8th Edition,
2124,phrase,dicky birds,,,,,,,,,,,,,,,,,,Oxford Advanced  Learner's Dictionary 8th Edition,
2125,phrase,cool bag,,,,,,,,,,,,,,,,,,Oxford Advanced  Learner's Dictionary 8th Edition,
2126,phrase,cool bags,,,,,,,,,,,,,,,,,,Oxford Advanced  Learner's Dictionary 8th Edition,
2127,phrase,cool box,,,,,,,,,,,,,,,,,,Oxford Advanced  Learner's Dictionary 8th Edition,
2128,phrase,cool boxes,,,,,,,,,,,,,,,,,,Oxford Advanced  Learner's Dictionary 8th Edition,
2129,root,,,,,,,,,,,,cooldrink,,,,,,,Oxford Advanced  Learner's Dictionary 8th Edition,
2130,root,co-operate,,,,,,,,,,,,,,,,,,Oxford Advanced  Learner's Dictionary 8th Edition,
2131,root,co-operation,,,,,,,,,,,,,,,,,,Oxford Advanced  Learner's Dictionary 8th Edition,
2132,root,co-operative,,,,,,,,,,,,,,,,,,Oxford Advanced  Learner's Dictionary 8th Edition,
2133,root,co-operatively,,,,,,,,,,,,,,,,,,Oxford Advanced  Learner's Dictionary 8th Edition,
2134,root,co-ordinate,,,,,,,,,,,,,,,,,,Oxford Advanced  Learner's Dictionary 8th Edition,
2135,root,co-ordination,,,,,,,,,,,,,,,,,,Oxford Advanced  Learner's Dictionary 8th Edition,
2136,root,co-ordinator,,,,,,,,,,,,,,,,,,Oxford Advanced  Learner's Dictionary 8th Edition,
2137,root,,copier,,,,,,,,,,,,,,,,,Oxford Advanced  Learner's Dictionary 8th Edition,
2138,root,copper-bottomed,,,,,,,,,,,,,,,,,,Oxford Advanced  Learner's Dictionary 8th Edition,
2139,phrase,copy typist,,,,,,,,,,,,,,,,,,Oxford Advanced  Learner's Dictionary 8th Edition,
2140,phrase,copy typists,,,,,,,,,,,,,,,,,,Oxford Advanced  Learner's Dictionary 8th Edition,
2141,root,cor,,,,,,,,,,,,,,,,,,Oxford Advanced  Learner's Dictionary 8th Edition,
2142,phrase,,corn chip,,,,,,,,,,,,,,,,,Oxford Advanced  Learner's Dictionary 8th Edition,
2143,phrase,,corn chips,,,,,,,,,,,,,,,,,Oxford Advanced  Learner's Dictionary 8th Edition,
2144,root,corncob,,,,,,,,,,,,,,,,,,Oxford Advanced  Learner's Dictionary 8th Edition,
2145,phrase,corner shop,,,,,,,,,,,,,,,,,,Oxford Advanced  Learner's Dictionary 8th Edition,
2146,phrase,corner shops,,,,,,,,,,,,,,,,,,Oxford Advanced  Learner's Dictionary 8th Edition,
2147,phrase,corn exchange,,,,,,,,,,,,,,,,,,Oxford Advanced  Learner's Dictionary 8th Edition,
2148,phrase,corn exchanges,,,,,,,,,,,,,,,,,,Oxford Advanced  Learner's Dictionary 8th Edition,
2149,root,cornfour,cornstarch,,,,,,,,,,,,,,,,,Oxford Advanced  Learner's Dictionary 8th Edition,
2150,phrase,Cornish pasty,,,,,,,,,,,,,,,,,,Oxford Advanced  Learner's Dictionary 8th Edition,
2151,phrase,,,corn pone,,,,,,,,,,,,,,,,Oxford Advanced  Learner's Dictionary 8th Edition,
2152,root,,,pone,,,,,,,,,,,,,,,,Oxford Advanced  Learner's Dictionary 8th Edition,
2153,root,pong,,,,,,,,,,,,,,,,,,Oxford Advanced  Learner's Dictionary 8th Edition,
2154,phrase,corporation tax,,,,,,,,,,,,,,,,,,Oxford Advanced  Learner's Dictionary 8th Edition,
2155,phrase,corporation taxes,,,,,,,,,,,,,,,,,,Oxford Advanced  Learner's Dictionary 8th Edition,
2156,root,,,,,,,,,corporator,,,,,,,,,,Oxford Advanced  Learner's Dictionary 8th Edition,
2157,phrase,water butt,rain barrel,,,,,,,,,,,,,,,,,Oxford Advanced  Learner's Dictionary 8th Edition,
2158,phrase,water butts,rain barrels,,,,,,,,,,,,,,,,,Oxford Advanced  Learner's Dictionary 8th Edition,
2159,root,,,watercolor,,,,,,,,,,,,,,,,Oxford Advanced  Learner's Dictionary 8th Edition,
2160,root,,,watercolorist,,,,,,,,,,,,,,,,Oxford Advanced  Learner's Dictionary 8th Edition,
2161,phrase,drinking fountain,water fountain,,,,,,,,,,,,,,,,,Oxford Advanced  Learner's Dictionary 8th Edition,
2162,phrase,drinking fountains,water fountains,,,,,,,,,,,,,,,,,Oxford Advanced  Learner's Dictionary 8th Edition,
2163,phrase,,water gun,,,,,,,,,,,,,,,,,Oxford Advanced  Learner's Dictionary 8th Edition,
2164,phrase,,water guns,,,,,,,,,,,,,,,,,Oxford Advanced  Learner's Dictionary 8th Edition,
2165,phrase,water ice,,,,,,,,,,,,,,,,,,Oxford Advanced  Learner's Dictionary 8th Edition,
2166,phrase,,squirt gun,,,,,,,,,,,,,,,,,Oxford Advanced  Learner's Dictionary 8th Edition,
2167,phrase,,squirt guns,,,,,,,,,,,,,,,,,Oxford Advanced  Learner's Dictionary 8th Edition,
2168,root,squit,,,,,,,,,,,,,,,,,,Oxford Advanced  Learner's Dictionary 8th Edition,
2169,root,sorted,,,,,,,,,,,,,,,,,,Oxford Advanced  Learner's Dictionary 8th Edition,
2170,phrase,sort code,,routing number,,,,,,,,,,,,,,,,Oxford Advanced  Learner's Dictionary 8th Edition,
2171,phrase,sort codes,,routing numbers,,,,,,,,,,,,,,,,Oxford Advanced  Learner's Dictionary 8th Edition,
2172,root,,rowboat,,,,,,,,,,,,,,,,,Oxford Advanced  Learner's Dictionary 8th Edition,
2173,phrase,rowing boat,,,,,,,,,,,,,,,,,,Oxford Advanced  Learner's Dictionary 8th Edition,
2174,phrase,rowing boats,,,,,,,,,,,,,,,,,,Oxford Advanced  Learner's Dictionary 8th Edition,
2175,root,rowlock,oarlock,,,,,,,,,,,,,,,,,Oxford Advanced  Learner's Dictionary 8th Edition,
2176,root,storey,,,,,,,,,,,,,,,,,,Oxford Dictionary of English Second Edition Revised,
2177,root,,B.Ed.,,,,,,,,,,,,,,,,,Oxford Advanced  Learner's Dictionary 8th Edition,
2178,root,backcomb,,,,,,,,,,,,,,,,,,Oxford Advanced  Learner's Dictionary 8th Edition,
2179,root,tyre,,,,,,,,,,,,,,,,,,Oxford Advanced  Learner's Dictionary 8th Edition,
2180,root,,tire iron,,,,,,,,,,,,,,,,,Oxford Advanced  Learner's Dictionary 8th Edition,
2181,root,,tire irons,,,,,,,,,,,,,,,,,Oxford Advanced  Learner's Dictionary 8th Edition,
2182,root,babby,,,,,,,,,,,,,,,,,,Oxford Advanced  Learner's Dictionary 8th Edition,
2183,root,,Babbit,,,,,,,,,,,,,,,,,Oxford Advanced  Learner's Dictionary 8th Edition,
2184,phrase,,babe magnet,,,,,,,,,,,,,,,,,Oxford Advanced  Learner's Dictionary 8th Edition,
2185,phrase,,babe magnets,,,,,,,,,,,,,,,,,Oxford Advanced  Learner's Dictionary 8th Edition,
2186,root,,storied,,,,,,,,,,,,,,,,,Oxford Advanced  Learner's Dictionary 8th Edition,
2187,root,,stovetop,,,,,,,,,,,,,,,,,Oxford Advanced  Learner's Dictionary 8th Edition,
2188,root,,,cortege,,,,,,,,,,,,,,,,Oxford Advanced  Learner's Dictionary 8th Edition,
2189,root,cosh,,,,,,,,,,,,,,,,,,Oxford Advanced  Learner's Dictionary 8th Edition,
2190,root,cosily,cozily,,,,,,,,,,,,,,,,,Oxford Advanced  Learner's Dictionary 8th Edition,
2191,root,cosiness,coziness,,,,,,,,,,,,,,,,,Oxford Advanced  Learner's Dictionary 8th Edition,
2192,root,cosy,cozy,,,,,,,,,,,,,,,,,Oxford Advanced  Learner's Dictionary 8th Edition,
2193,phrase,cos lettuce,,,,,,,,,,,,,,,,,,Oxford Advanced  Learner's Dictionary 8th Edition,
2194,phrase,court card,,,,,,,,,,,,,,,,,,Oxford Advanced  Learner's Dictionary 8th Edition,
2195,phrase,court cards,,,,,,,,,,,,,,,,,,Oxford Advanced  Learner's Dictionary 8th Edition,
2196,phrase,,court costs,,,,,,,,,,,,,,,,,Oxford Advanced  Learner's Dictionary 8th Edition,
2197,root,facecloth,washcloth,,,,,,,,,,,,,,,,,Oxford Advanced  Learner's Dictionary 8th Edition,
2198,phrase,face card,face card,,,,,,,,,,,,,,,,,Oxford Advanced  Learner's Dictionary 8th Edition,Acceptable in both British and North American English
2199,phrase,face cards,face cards,,,,,,,,,,,,,,,,,Oxford Advanced  Learner's Dictionary 8th Edition,Acceptable in both British and North American English
2200,root,,burnoose,,,,,,,,,,,,,,,,,Oxford Advanced  Learner's Dictionary 8th Edition,
2201,root,,burro,,,,,,,,,,,,,,,,,Oxford Advanced  Learner's Dictionary 8th Edition,
2202,root,bursar,,,,,,,,,,,,,,,,,,Oxford Advanced  Learner's Dictionary 8th Edition,
2203,root,bursary,,,,,,,,,,,,,,,,,,Oxford Advanced  Learner's Dictionary 8th Edition,
2204,,,,,,,,,,,,,,,,,,,,,
2205,,,,,,,,,,,,,,,,,,,,,
2206,,,,,,,,,,,,,,,,,,,,,
2207,,,,,,,,,,,,,,,,,,,,,
2208,,,,,,,,,,,,,,,,,,,,,
2209,,,,,,,,,,,,,,,,,,,,,
2210,,,,,,,,,,,,,,,,,,,,,
2211,,,,,,,,,,,,,,,,,,,,,
2212,,,,,,,,,,,,,,,,,,,,,
2213,,,,,,,,,,,,,,,,,,,,,
2214,,,,,,,,,,,,,,,,,,,,,
2215,,,,,,,,,,,,,,,,,,,,,
2216,,,,,,,,,,,,,,,,,,,,,
2217,,,,,,,,,,,,,,,,,,,,,
2218,,,,,,,,,,,,,,,,,,,,,
2219,,,,,,,,,,,,,,,,,,,,,
2220,,,,,,,,,,,,,,,,,,,,,
2221,,,,,,,,,,,,,,,,,,,,,
2222,,,,,,,,,,,,,,,,,,,,,
2223,,,,,,,,,,,,,,,,,,,,,
2224,,,,,,,,,,,,,,,,,,,,,
2225,,,,,,,,,,,,,,,,,,,,,
2226,,,,,,,,,,,,,,,,,,,,,
2227,,,,,,,,,,,,,,,,,,,,,
2228,,,,,,,,,,,,,,,,,,,,,
2229,,,,,,,,,,,,,,,,,,,,,
2230,,,,,,,,,,,,,,,,,,,,,
2231,,,,,,,,,,,,,,,,,,,,,
2232,,,,,,,,,,,,,,,,,,,,,
2233,,,,,,,,,,,,,,,,,,,,,
2234,,,,,,,,,,,,,,,,,,,,,
2235,,,,,,,,,,,,,,,,,,,,,
2236,,,,,,,,,,,,,,,,,,,,,
2237,,,,,,,,,,,,,,,,,,,,,
2238,,,,,,,,,,,,,,,,,,,,,
2239,,,,,,,,,,,,,,,,,,,,,
2240,,,,,,,,,,,,,,,,,,,,,
2241,,,,,,,,,,,,,,,,,,,,,
2242,,,,,,,,,,,,,,,,,,,,,
2243,,,,,,,,,,,,,,,,,,,,,
2244,,,,,,,,,,,,,,,,,,,,,
2245,,,,,,,,,,,,,,,,,,,,,
2246,,,,,,,,,,,,,,,,,,,,,
2247,,,,,,,,,,,,,,,,,,,,,
2248,,,,,,,,,,,,,,,,,,,,,
2249,,,,,,,,,,,,,,,,,,,,,
2250,,,,,,,,,,,,,,,,,,,,,
2251,,,,,,,,,,,,,,,,,,,,,
2252,,,,,,,,,,,,,,,,,,,,,
2253,,,,,,,,,,,,,,,,,,,,,
2254,,,,,,,,,,,,,,,,,,,,,
2255,,,,,,,,,,,,,,,,,,,,,
2256,,,,,,,,,,,,,,,,,,,,,
2257,,,,,,,,,,,,,,,,,,,,,
2258,,,,,,,,,,,,,,,,,,,,,
2259,,,,,,,,,,,,,,,,,,,,,
2260,,,,,,,,,,,,,,,,,,,,,
2261,,,,,,,,,,,,,,,,,,,,,
2262,,,,,,,,,,,,,,,,,,,,,
2263,,,,,,,,,,,,,,,,,,,,,
2264,,,,,,,,,,,,,,,,,,,,,
2265,,,,,,,,,,,,,,,,,,,,,
2266,,,,,,,,,,,,,,,,,,,,,
2267,,,,,,,,,,,,,,,,,,,,,
2268,,,,,,,,,,,,,,,,,,,,,
2269,,,,,,,,,,,,,,,,,,,,,
2270,,,,,,,,,,,,,,,,,,,,,
2271,,,,,,,,,,,,,,,,,,,,,
2272,,,,,,,,,,,,,,,,,,,,,
2273,,,,,,,,,,,,,,,,,,,,,
2274,,,,,,,,,,,,,,,,,,,,,
2275,,,,,,,,,,,,,,,,,,,,,
2276,,,,,,,,,,,,,,,,,,,,,
2277,,,,,,,,,,,,,,,,,,,,,
2278,,,,,,,,,,,,,,,,,,,,,
2279,,,,,,,,,,,,,,,,,,,,,
2280,,,,,,,,,,,,,,,,,,,,,
2281,,,,,,,,,,,,,,,,,,,,,
2282,,,,,,,,,,,,,,,,,,,,,
2283,,,,,,,,,,,,,,,,,,,,,
2284,,,,,,,,,,,,,,,,,,,,,
2285,,,,,,,,,,,,,,,,,,,,,
2286,,,,,,,,,,,,,,,,,,,,,
2287,,,,,,,,,,,,,,,,,,,,,
2288,,,,,,,,,,,,,,,,,,,,,
2289,,,,,,,,,,,,,,,,,,,,,
2290,,,,,,,,,,,,,,,,,,,,,
2291,,,,,,,,,,,,,,,,,,,,,
2292,,,,,,,,,,,,,,,,,,,,,
2293,,,,,,,,,,,,,,,,,,,,,
2294,,,,,,,,,,,,,,,,,,,,,
2295,,,,,,,,,,,,,,,,,,,,,
2296,,,,,,,,,,,,,,,,,,,,,
2297,,,,,,,,,,,,,,,,,,,,,
2298,,,,,,,,,,,,,,,,,,,,,
2299,,,,,,,,,,,,,,,,,,,,,
2300,,,,,,,,,,,,,,,,,,,,,
2301,,,,,,,,,,,,,,,,,,,,,
2302,,,,,,,,,,,,,,,,,,,,,
2303,,,,,,,,,,,,,,,,,,,,,
2304,,,,,,,,,,,,,,,,,,,,,
2305,,,,,,,,,,,,,,,,,,,,,
2306,,,,,,,,,,,,,,,,,,,,,
2307,,,,,,,,,,,,,,,,,,,,,
2308,,,,,,,,,,,,,,,,,,,,,
2309,,,,,,,,,,,,,,,,,,,,,
2310,,,,,,,,,,,,,,,,,,,,,
2311,,,,,,,,,,,,,,,,,,,,,
2312,,,,,,,,,,,,,,,,,,,,,
2313,,,,,,,,,,,,,,,,,,,,,
2314,,,,,,,,,,,,,,,,,,,,,
2315,,,,,,,,,,,,,,,,,,,,,
2316,,,,,,,,,,,,,,,,,,,,,
2317,,,,,,,,,,,,,,,,,,,,,
2318,,,,,,,,,,,,,,,,,,,,,
2319,,,,,,,,,,,,,,,,,,,,,
2320,,,,,,,,,,,,,,,,,,,,,
2321,,,,,,,,,,,,,,,,,,,,,
2322,,,,,,,,,,,,,,,,,,,,,
2323,,,,,,,,,,,,,,,,,,,,,
2324,,,,,,,,,,,,,,,,,,,,,
2325,,,,,,,,,,,,,,,,,,,,,
2326,,,,,,,,,,,,,,,,,,,,,
2327,,,,,,,,,,,,,,,,,,,,,
2328,,,,,,,,,,,,,,,,,,,,,
2329,,,,,,,,,,,,,,,,,,,,,
2330,,,,,,,,,,,,,,,,,,,,,
2331,,,,,,,,,,,,,,,,,,,,,
2332,,,,,,,,,,,,,,,,,,,,,
2333,,,,,,,,,,,,,,,,,,,,,
2334,,,,,,,,,,,,,,,,,,,,,
2335,,,,,,,,,,,,,,,,,,,,,